Line,Slv_2,Slv_3,Slv_4,Slv_5,Slv_6,Slv_7,Cro_1,Cro_2,Cro_3,Cro_4,Cro_5,Cro_6,Cro_7,Cro_8,Cro_9,Cro_10,Cro_11,Cro_12,Cro_13,Cro_14,Cro_15,Cro_16,Cro_18,Aus_1,Aus_2,Aus_3,Aus_4,Aus_5,Aus_6,Aus_7,Aus_8,Aus_9,Aus_10,Aus_11,Aus_12,Aus_13,Aus_14,Aus_15,Aus_16,Aus_17,Aus_18,Aus_19,Aus_20,Aus_21,Aus_22,Aus_23,Aus_24,Aus_25,Aus_26,Aus_27,Aus_28,Aus_29,Aus_30,Aus_31,Aus_32,Aus_33,Aus_34,Aus_35,Aus_36
Cro_16.To.Cro_5,-0.03442733379816075,-0.013679273414098572,0.054843352988012496,0.054843352988012496,0.016757310408078162,0.12760743116831533,0.0820729890903648,0.05876009052976111,0.41279391770113255,0.7010617425943627,0.7010617425943627,0.7010617425943644,0.7010617425943642,-0.04863363009462308,-0.20345050883147664,0.08207298909036648,0.08207298909036825,-0.20345050883147645,-0.20345050883147645,0.17417918819107267,0.1741791881910709,-0.23856707351208575,0.7010617425943643,-0.011628326621074166,-0.011479207827731796,-0.011628326621074263,-0.011278458133003478,-0.011449173161060084,-0.011333184134377566,-0.011588672846080403,-0.011491837158378848,-0.011577501745961815,-0.01006991200367043,-0.011510084388640143,-0.012053535306710297,-0.011628326621074362,-0.011628326621073425,-0.011278458133003526,-0.011628326621074313,-0.011628326621074263,-0.008781572098965634,-0.011628326621074313,-0.011628326621072486,-0.0120373701838016,-0.012295219742947883,-0.011628326621073425,-0.011330923369500956,-0.0120373701838016,-0.012781867750988241,-0.012116855405785375,-0.011628326621074166,-0.012477272986372207,-0.011479207827731746,-0.010974262020344504,-0.010974262020344504,-0.01134216335220577,-0.011449173161060035,-0.011292445283976917,-0.0114242301432278
Cro_16.To.Cro_9,0.06558880781153865,0.026060898012578798,-0.10448413344931153,-0.10448413344931153,-0.03192498199940255,-0.24310971413852878,-0.15636033680464784,-0.3915829877891872,-0.41865094417133936,-0.5235319439222621,-0.5235319439222621,-0.5235319439222628,-0.5235319439222615,0.09265375692915248,0.38760121248832197,-0.15636033680464678,-0.15636033680464678,0.38760121248832163,0.38760121248832163,-0.33183531916851466,-0.33183531916851555,-0.5454969000364137,-0.5235319439222618,0.022153562177975403,0.02186947035910392,0.022153562177975566,0.021487014569092685,0.02181225018656314,0.021591275131571185,0.022078016280568498,0.021893530971681847,0.022056733797789756,0.019184567906424404,0.021928294456001144,0.02296364322943109,0.022153562177975282,0.022153562177975202,0.021487014569092768,0.022153562177975202,0.022153562177975566,0.016730103122682766,0.02215356217797609,0.022153562177976455,0.02293284644609666,0.023424085334309827,0.02215356217797609,0.021586968063416423,0.02293284644609666,0.024351216748506366,0.023084276730508443,0.022153562177975403,0.023770921812104988,0.021869470359103395,0.02090747911952399,0.02090747911952399,0.021608381777001272,0.021812250186563062,0.021513662016218058,0.02176473030563427
Cro_7.To.Cro_18,9.212054906794105e-16,-1.7918984839000164e-16,5.28928262961497e-16,5.28928262961497e-16,2.666709034679299e-16,8.215170289169152e-16,8.495812088556218e-16,1.4643897823922047e-15,1.0593421984553717e-15,1.402206841150204e-15,1.402206841150204e-15,-0.289197609970846,-0.38252671148267,8.935880703049256e-16,1.0045973434989106e-15,8.495812088556218e-16,8.495812088556218e-16,1.2828458788236491e-15,1.2828458788236491e-15,1.1037210070905703e-15,1.1037210070905703e-15,6.875844304554682e-16,0.43614386659740567,1.2466191209372808e-15,3.2471551809271744e-16,1.6211461969561587e-15,1.2375598983113389e-15,5.0750193388478715e-16,5.215882249877805e-16,2.04840604707594e-16,3.8283398568096793e-16,4.2537029341152374e-16,2.6203870110817957e-16,3.481305661083952e-16,5.469396413046723e-16,1.063003208123243e-17,5.938435095936643e-16,7.239085546300916e-16,5.938435095936643e-16,6.6340564342484895e-16,2.7193339995976853e-17,5.242813757624797e-16,1.2466191209372808e-15,-2.1240230053399103e-16,7.025752832623753e-16,6.6340564342484895e-16,8.417613033523208e-16,-2.1240230053399103e-16,1.115647018382474e-16,-2.901313109469812e-17,3.584407012371556e-16,1.616008080728873e-17,8.383668617739647e-16,3.80688346562111e-16,3.80688346562111e-16,1.2445877267894402e-15,1.0211532775660344e-15,1.0839402353259293e-15,1.0987363244981847e-15
Slv_2.To.Cro_8,-0.19511865908351214,-0.09758457823949736,0.1453944772077289,0.1453944772077289,0.1195425384885682,0.403413585859307,0.5854885550414652,0.5861570339282947,0.5941311698972378,0.625028787019304,0.625028787019304,0.6250287870193035,0.6250287870193041,0.7380992887234306,0.6512086834218286,0.5854885550414657,0.5854885550414661,0.651208683421828,0.651208683421828,0.5685555561261976,0.568555556126198,0.6314995949419004,0.6250287870193044,-0.0829536273307545,-0.0818898504680935,-0.08295362733075354,-0.08045775143046786,-0.08167559052964285,-0.08084815328889851,-0.08267074703504729,-0.08197994501240062,-0.08259105514933877,-0.0718362800449859,-0.08211011627333718,-0.08598696170426381,-0.08295362733075425,-0.08295362733075393,-0.08045775143046824,-0.08295362733075386,-0.08295362733075354,-0.06264557945556266,-0.08295362733075386,-0.0829536273307545,-0.0858716436860056,-0.08771107913822834,-0.08295362733075348,-0.08083202554728759,-0.0858716436860056,-0.09118270655426317,-0.08643867174581583,-0.0829536273307545,-0.08900980228228114,-0.08188985046809355,-0.07828769104368946,-0.07828769104368946,-0.08091220882446092,-0.0816755905296429,-0.08055753233163483,-0.08149765316400719
Slv_3.To.Aus_26,-0.15622350931639784,-0.16514735679722758,-0.1559350245946036,-0.1559350245946036,-0.02713602459408246,-0.14615246231100182,-0.13290525724178412,-0.140952473584444,-0.1414332466322642,-0.14329611197742756,-0.14329611197742756,-0.14329611197742675,-0.14329611197742703,-0.1501133082146855,-0.1448745386099904,-0.13290525724178412,-0.13290525724178412,-0.14487453860999047,-0.14487453860999047,-0.1398912531384901,-0.1398912531384901,-0.14368624704145455,-0.14329611197742712,0.7096823728680858,0.7005815811078273,0.7096823728680852,0.6883297305750982,0.6987485509387666,0.6916696847902216,0.7072622838863919,0.7013523552384316,0.7065805062671613,0.6145715783719704,0.7024659924874982,0.7356330636957622,0.7096823728680841,0.7096823728680848,0.6883297305750978,0.7096823728680844,0.7096823728680851,0.5359435736360797,0.7096823728680844,0.7096823728680858,0.734646498460881,0.7503831812133552,0.7096823728680843,0.691531709221173,0.734646498460881,0.7800835434711966,0.7394975198317016,0.7096823728680853,0.7614939783204548,0.7005815811078272,0.6697644953453534,0.6697644953453534,0.6922176907778514,0.698748550938767,0.6891833731340243,0.6972262665501324
Cro_6.To.Cro_7,-8.609106319278866e-16,-4.688004792914597e-16,-1.1383913577710286e-15,-1.1383913577710286e-15,-2.9344555725428085e-16,-1.4748321425786553e-15,-1.4613152203748905e-15,-2.165280750654868e-15,-2.441354324313824e-15,-1.6863102706172122e-15,-1.6863102706172122e-15,-0.5953019203937782,0.2125837901270802,-7.064041199321803e-16,-2.1154022425881745e-15,-1.4613152203748905e-15,-1.905404430224953e-15,-1.629248902784132e-15,-1.629248902784132e-15,-1.958599690765659e-15,-1.0704212710655337e-15,-1.9600955452160608e-15,0.15015567138877595,-1.3255548942266029e-15,-9.34409478530451e-16,-1.3465869592035927e-15,-1.3215549341509769e-15,-1.1280460054060549e-15,-1.3793161031898427e-15,-6.000173608404003e-16,-1.0528190512492632e-15,-9.850021661579309e-16,-1.0391672364823357e-15,-1.3669704866540604e-15,-1.333788280965004e-15,-1.0240360843045407e-15,-1.3465869592035927e-15,-1.0995103292259456e-15,-1.1245423542785614e-15,-1.0030040193275509e-15,-6.865562188121174e-16,-1.4681252941546033e-15,-1.3255548942266029e-15,-9.322688996230062e-16,-1.0923380127614027e-15,-1.0030040193275509e-15,-1.3802692049938575e-15,-9.322688996230062e-16,-1.0802127442072214e-15,-1.053889980655325e-15,-9.819719543505609e-16,-6.653329977320766e-16,-1.3784986883805136e-15,-1.274527460297973e-15,-1.274527460297973e-15,-1.3121704344243478e-15,-1.3500906103310862e-15,-1.4570375482357802e-15,-1.301075485868654e-15
Cro_1.To.Cro_10,1.4754302491982883e-16,-6.695157085912553e-17,8.44328559360125e-17,8.44328559360125e-17,1.2782932051358407e-17,-7.937774461434467e-17,-1.0,-7.229426391281513e-17,-7.967286705688958e-17,-7.421994329027066e-17,-7.421994329027066e-17,-7.421994329027066e-17,1.469720103544171e-16,-2.093739655186618e-17,-1.668649316417434e-16,-5.3367141777726784e-17,-1.0,-1.668649316417434e-16,-1.668649316417434e-16,1.3168235848973898e-16,1.3168235848973898e-16,-1.6127076775065386e-16,1.469720103544171e-16,-8.795819985255705e-17,1.0216253667256459e-16,-8.88108511329006e-17,3.431030553718332e-17,6.641071439903541e-17,-8.981006981116076e-17,5.1023754351930506e-17,9.881370732901218e-17,4.8388761201603985e-18,-3.786216044482966e-17,8.937529514855996e-17,-9.540643067732116e-17,-8.966350241324416e-17,2.1785125689443275e-17,3.431030553718332e-17,-8.966350241324416e-17,-8.88108511329006e-17,-3.7082526016895366e-17,2.1785125689443275e-17,2.263777696978683e-17,5.7705719178437e-17,-6.656145576798101e-17,-8.88108511329006e-17,-6.218102581273126e-17,5.7705719178437e-17,5.5302315381749276e-17,7.24045309047974e-17,-8.795819985255705e-17,-4.552106788132013e-17,-8.433440149779287e-18,-8.118087350238673e-18,-8.118087350238673e-18,-7.014719521116685e-17,6.641071439903541e-17,7.966211724969484e-17,6.469774259696827e-17
Aus_13.To.Aus_9,-0.007532457488376297,-0.007962728848149163,-0.0075185479371664785,-0.0075185479371664785,-0.0013083879151919748,-0.007046872868215197,-0.006408146920627009,-0.006796150718941856,-0.006819331625324487,-0.006909151359117434,-0.006909151359117434,-0.006909151359117301,-0.006909151359117656,-0.0072378486279973024,-0.006985256623685793,-0.00640814692062692,-0.006408146920627054,-0.00698525662368597,-0.00698525662368597,-0.006744983017422829,-0.006744983017422829,-0.0069279620733139315,-0.006909151359117656,-0.5380933230779659,-0.14775269693551193,-0.5380933230779669,0.04789001113902786,-0.0691324886308222,0.22311589199628412,-0.4342936676941934,0.15864117694722554,0.36452099138135263,0.10222384310881079,0.25627346642903936,0.14223319775136714,-0.5380933230779645,-0.5380933230779653,0.047890011139028216,-0.5380933230779659,-0.5380933230779669,0.025841003074677682,-0.5380933230779641,-0.5380933230779633,-0.3510463916435537,0.0915170113817214,-0.5380933230779648,0.029271555142051802,-0.3510463916435537,-0.010603470419055643,-0.31469948822961774,-0.538093323077965,-0.14988818540822116,-0.1477526969355123,0.1558407670324922,0.1558407670324922,0.025282797302138865,-0.06913248863082132,0.04292635954191368,-0.003840428656297807
Aus_35.To.Aus_4,-0.0020556377146380487,-0.002173060486163209,-0.0020518417425925617,-0.0020518417425925617,-0.00035706428453076005,-0.0019231197335691755,-0.001748808872975524,-0.001854696658266267,-0.0018610228201453272,-0.0018855349840158435,-0.0018855349840158435,-0.0018855349840158435,-0.0018855349840162018,-0.001975237780699425,-0.0019063044144932825,-0.001748808872975524,-0.0017488088729758317,-0.0019063044144933684,-0.0019063044144933684,-0.0018407327882841709,-0.0018407327882841709,-0.001890668503003989,-0.0018855349840159797,-0.042582250418459464,-0.08896716182182382,-0.04258225041845844,0.15569594884176158,-0.09830974917371209,0.00881854310280606,-0.05491695886594419,-0.07589403936111372,-0.03766006198262257,0.027897294814341986,-0.0077964508766551,-0.005701449034665422,-0.04258225041846076,-0.04258225041846021,0.15569594884176102,-0.0425822504184611,-0.04258225041846021,0.00705211288432245,-0.04258225041846021,-0.042582250418459665,-0.028508773872935395,-0.004769756176561725,-0.04258225041846021,0.06148351985556582,-0.028508773872935395,-0.002893729401473303,-0.025774020146820512,-0.042582250418459464,-0.013373560075613992,-0.08896716182182204,0.042529567366890945,0.042529567366890945,-0.5216806903327336,-0.09830974917371155,-0.7734686987003105,-0.10606852756988136
Aus_25.To.Aus_27,0.011106047436070222,0.01174045050298408,0.01108553883900448,0.01108553883900448,0.0019291205125720463,0.01039008908727763,0.009448335259458217,0.010020417955724297,0.0100545964753238,0.010187028981679077,0.010187028981679077,0.010187028981679077,0.010187028981678935,0.010671668618333796,0.010299240524822026,0.009448335259458148,0.009448335259457855,0.010299240524821875,0.010299240524821875,0.009944974991573477,0.009944974991572961,0.01021476397845728,0.010187028981679228,-0.3643145258767865,-0.32712805801609096,-0.3643145258767862,-0.28632115234835603,-0.3196381693047466,-0.2502151725553745,-0.35442587404203807,-0.32075302846614123,-0.33004720270161714,-0.1507214414971373,-0.26028912774652746,-0.14238328283080373,-0.3643145258767847,-0.36431452587678737,-0.28632115234835664,-0.3643145258767865,-0.3643145258767871,-0.0381006340076814,-0.3643145258767853,-0.364314525876785,-0.5841836283604708,-0.08994799068222258,-0.3643145258767862,-0.29607366254783907,-0.5841836283604708,0.015634027227200756,0.37309147382699664,-0.3643145258767865,0.17935981005354099,-0.32712805801609124,-0.2297756016290123,-0.2297756016290123,-0.2981630088138949,-0.3196381693047469,-0.2889211564966799,-0.3134180094566777
Cro_2.To.Cro_14,-0.031161474013377287,-0.012381624598478799,0.04964078046129927,0.04964078046129927,0.015167671591324398,0.11550228297021371,0.07428734771428064,-0.6671771027405716,0.005857026470209799,-0.17752979867210067,-0.17752979867210067,-0.17752979867210011,-0.17752979867210034,-0.044020126834529986,-0.1841507036568413,0.07428734771428008,0.07428734771428053,-0.18415070365684108,-0.18415070365684108,0.1576561309774441,0.15765613097744355,-0.2159360264514959,-0.17752979867210078,-0.010525235556901087,-0.010390262531371082,-0.01052523555690098,-0.010208556436088492,-0.010363077025502982,-0.010258090997192857,-0.010489343434488433,-0.010401693813302276,-0.010479232051827533,-0.009114655902752416,-0.010418210067361204,-0.010910107922720241,-0.010525235556900592,-0.010525235556900757,-0.010208556436088492,-0.010525235556900592,-0.01052523555690098,-0.007948531023716903,-0.010525235556900757,-0.010525235556900922,-0.010895476262294475,-0.011128865591361553,-0.01052523555690098,-0.010256044693915285,-0.010895476262294475,-0.011569348997516087,-0.010967421324721817,-0.010525235556901087,-0.011293648825731833,-0.010390262531371082,-0.009933217099178335,-0.009933217099178335,-0.010266218424795184,-0.010363077025502924,-0.01022121673224006,-0.010340500162405342
Slv_3.To.Slv_2,0.8048813409164856,-0.09758457823949886,0.1453944772077275,0.1453944772077275,0.11954253848856823,0.4034135858593068,0.5854885550414659,0.5861570339282958,0.5941311698972381,0.6250287870193038,0.6250287870193038,0.6250287870193045,0.6250287870193039,0.7380992887234296,0.6512086834218287,0.5854885550414659,0.5854885550414655,0.6512086834218292,0.6512086834218292,0.5685555561261982,0.5685555561261978,0.6314995949419007,0.6250287870193041,-0.08295362733075429,-0.08188985046809419,-0.08295362733075418,-0.08045775143046864,-0.08167559052964354,-0.0808481532888993,-0.08267074703504845,-0.08197994501240136,-0.08259105514933994,-0.07183628004498625,-0.08211011627333785,-0.08598696170426423,-0.08295362733075484,-0.08295362733075443,-0.08045775143046864,-0.08295362733075462,-0.08295362733075469,-0.0626455794555635,-0.08295362733075487,-0.08295362733075429,-0.08587164368600689,-0.08771107913822888,-0.08295362733075513,-0.08083202554728813,-0.08587164368600689,-0.09118270655426414,-0.08643867174581617,-0.08295362733075455,-0.0890098022822817,-0.08188985046809401,-0.07828769104369003,-0.07828769104369003,-0.08091220882446125,-0.08167559052964357,-0.08055753233163529,-0.08149765316400787
Aus_6.To.Aus_11,0.021024282335644177,0.02222523787542246,0.020985458574309602,0.020985458574309602,0.0036519179797550004,0.019668938721974658,0.017886153398868763,0.018969133477503425,0.019033835060132915,0.019284536168701148,0.019284536168701148,0.019284536168701148,0.019284536168701124,0.020201982326816584,0.019496958020663983,0.017886153398868763,0.017886153398868763,0.01949695802066379,0.01949695802066379,0.018826316315261098,0.018826316315261098,0.01933703985250035,0.019284536168701148,0.15395183815968252,0.039473243867005285,0.1539518381596822,-0.14276296287767287,0.016415610797486865,-0.6194316036053117,0.12350960939699504,0.07810805240869628,0.18054164038254628,-0.2853229430462472,0.2896567651727739,0.17852912799715084,0.15395183815968208,0.15395183815968408,-0.14276296287767287,0.15395183815968208,0.1539518381596842,-0.07212633397754431,0.15395183815968308,0.1539518381596833,0.10985547464965152,0.12910825216821903,0.1539518381596832,-0.09236442131240667,0.10985547464965152,0.029595966014000063,0.10128668256568789,0.15395183815968252,0.06243237437660937,0.0394732438670044,-0.434976273088903,-0.434976273088903,-0.08156720065021883,0.016415610797486865,-0.12932678957880947,-0.002733160157317547
Aus_3.To.Aus_16,-2.564824820827566e-16,-1.4987703702965029e-16,-2.451224941092351e-16,-2.451224941092351e-16,7.306787279519738e-18,-1.52819086872384e-16,-1.103403641892112e-16,5.520487850331343e-17,1.0306348009892445e-16,1.1785803574896847e-18,1.1785803574896847e-18,1.1785803574896847e-18,-1.6727096583223827e-17,-1.750620335649188e-16,6.560376911208245e-17,9.37985637951066e-17,-3.50290646054956e-16,1.0141512299350948e-16,1.0141512299350948e-16,1.0239932130418604e-16,1.0239932130418604e-16,5.09202617808105e-17,-1.6727096583223827e-17,-0.9164335420526188,-2.0593518536032763e-15,-0.9164335420526156,-1.8152969573814408e-15,-5.333269455987794e-16,-8.290031580723301e-16,-2.878593154262823e-16,-1.3440048968716487e-15,-1.3370368939618195e-15,-1.1252612901045653e-15,-6.024465298196798e-16,-3.7441975591100135e-16,-1.05124936181051e-15,-0.32795343229265417,-1.886919665144295e-15,-1.8990386791262163e-15,-0.7296672094994889,-3.962939075119726e-16,-1.7557932636005082e-15,-0.916433542052619,-2.979367541641893e-16,-5.489742485221089e-16,-0.9164335420526175,-1.9646224631443423e-15,-2.979367541641893e-16,-1.8593549485014605e-16,4.4074114561329984e-16,-0.9164335420526188,-3.330455316171942e-16,-1.099550726140297e-15,-6.620928342604705e-16,-6.620928342604705e-16,-1.0751357848892206e-15,-5.333269455987794e-16,-5.884059519125439e-16,-1.1866851505970206e-15
Cro_5.To.Cro_18,-1.0286954704544332e-16,-3.6797215037434305e-16,-4.3002370652665713e-16,-4.3002370652665713e-16,-9.172569678121086e-17,-2.5311022447162895e-16,-5.575411091520311e-16,-8.528408191554083e-16,-9.602425224543525e-16,-2.1825647316247303e-16,-2.1825647316247303e-16,0.2891976099708461,0.3825267114826694,-1.5741045271690233e-16,-7.389014512689524e-16,-5.575411091520311e-16,-1.0016303190020937e-15,-7.728653940374147e-16,-7.728653940374147e-16,-7.212032377723984e-16,-2.771140279223358e-16,-1.0608218571116357e-15,0.5638561334025951,-3.8645275010019366e-16,-4.662760660494422e-16,-1.5591715948304675e-16,-3.565811197050899e-16,-3.4798324202129247e-16,-6.3420431829027e-16,-3.471853022345415e-16,-4.543098725697183e-16,-4.674201939624903e-16,-5.089216553159067e-16,-7.060471628101808e-16,-6.13241667125002e-16,-5.660424265646469e-16,-5.830243979488782e-16,-3.4809013401297425e-16,-3.6097979302384687e-16,-3.6947077871596245e-16,-4.076815643228406e-16,-5.745334122567625e-16,-3.8645275010019366e-16,-6.729514293822707e-16,-3.722176439806654e-16,-3.6947077871596245e-16,-4.3353451075238984e-16,-6.729514293822707e-16,-6.467345072748975e-16,-6.830802668252456e-16,-3.8645275010019366e-16,-4.530251953699141e-16,-4.747670517415578e-16,-6.147394417215918e-16,-6.147394417215918e-16,-4.906965240690881e-16,-3.564742277134081e-16,-3.9338519141295347e-16,-4.708070257939336e-16
Cro_3.To.Cro_14,-0.03442733379816211,-0.013679273414100218,0.05484335298801196,0.05484335298801196,0.016757310408077975,0.12760743116831516,0.08207298909036605,0.05876009052976058,-0.5872060822988696,-0.29893825740563745,-0.29893825740563745,-0.2989382574056375,-0.29893825740563745,-0.048633630094623306,-0.20345050883147878,0.08207298909036607,0.08207298909036652,-0.2034505088314788,-0.2034505088314788,0.1741791881910707,0.17417918819107026,-0.23856707351208897,-0.29893825740563745,-0.011628326621075392,-0.011479207827732587,-0.011628326621075593,-0.011278458133004564,-0.011449173161060726,-0.011333184134378869,-0.011588672846081133,-0.011491837158380511,-0.01157750174596303,-0.010069912003672452,-0.011510084388640934,-0.012053535306712245,-0.011628326621075363,-0.011628326621075371,-0.011278458133004564,-0.011628326621075585,-0.011628326621075371,-0.008781572098966501,-0.011628326621075371,-0.01162832662107516,-0.012037370183802694,-0.012295219742949049,-0.011628326621075371,-0.011330923369501488,-0.012037370183802694,-0.012781867750990387,-0.012116855405786782,-0.011628326621075392,-0.012477272986373722,-0.011479207827732587,-0.010974262020346202,-0.010974262020346202,-0.011342163352206627,-0.011449173161060736,-0.01129244528397839,-0.011424230143228893
Aus_13.To.Aus_7,-0.003573589947694651,-0.0037777216548353877,-0.0035669909018380018,-0.0035669909018380018,-0.0006207325973801649,-0.003343216219062288,-0.003040188338831563,-0.003224267236782535,-0.003235264849999192,-0.003277877622561488,-0.003277877622561488,-0.0032778776225616765,-0.003277877622561599,-0.0034338199903365843,-0.0033139839011362263,-0.0030401883388313745,-0.0030401883388311854,-0.003313983901136493,-0.003313983901136493,-0.003199991974150476,-0.003199991974150476,-0.0032868019051431933,-0.003277877622561599,-0.0975921510452518,0.4748807549516026,-0.09759215104525207,0.23843114120932749,0.3887706579355673,0.027099280559091773,0.78871954173623,0.1621118515189162,-0.03447378867973643,0.04849759838832655,0.0040156613174880005,0.00015008507943640865,-0.09759215104525171,-0.09759215104525233,0.23843114120932735,-0.09759215104525247,-0.09759215104525296,0.01225963093300347,-0.09759215104525158,-0.09759215104525118,-0.06476997999597625,-0.0015690206994986408,-0.0975921510452522,0.2668021074057872,-0.06476997999597625,-0.005030556808145395,-0.05839198559737837,-0.0975921510452518,-0.02947162464532091,0.47488075495160276,0.07393483459652003,0.07393483459652003,0.27288021151175496,0.3887706579355682,0.24599479695476537,0.3172584381129754
Aus_4.To.Aus_24,0.00444966298698564,0.004703838008470669,0.004441446171254638,0.004441446171254638,0.0007729064900576137,0.004162812657632511,0.0037854968596746645,0.004014703083916458,0.004028396784981894,0.0040814561677368225,0.0040814561677368225,0.0040814561677368225,0.004081456167736978,0.004275628132665029,0.0041264139759138695,0.0037854968596746645,0.0037854968596746645,0.004126413975913825,0.004126413975913825,0.003984476689950039,0.003984476689950039,0.004092568256832363,0.004081456167736756,0.09217415220605615,0.19257959911743672,0.09217415220605607,-0.3370216920283984,0.21280269818121972,-0.01908874533885964,0.11887403966345658,0.16428133005790727,0.08151951226539383,-0.060386885922767745,0.016876309793633183,0.012341438649952841,0.09217415220605688,0.09217415220605651,-0.3370216920283982,0.0921741522060567,0.09217415220605722,-0.0152651050610514,0.0921741522060551,0.09217415220605678,0.06171050229493748,0.01032468287804788,0.09217415220605651,0.5069989223260332,0.06171050229493748,0.0062638083162207545,0.05579081501397503,0.09217415220605615,0.02894860064540038,0.19257959911743583,-0.09206011371427944,-0.09206011371427944,-0.08939804103270288,0.21280269818121955,-0.28265331476545746,0.2295974615813127
Cro_3.To.Cro_5,0.03442733379816118,0.013679273414100017,-0.05484335298801227,-0.05484335298801227,-0.016757310408078423,-0.1276074311683157,-0.08207298909036816,-0.05876009052976053,-0.41279391770113083,0.2989382574056373,0.2989382574056373,0.29893825740563684,0.298938257405637,0.04863363009462215,0.2034505088314786,-0.08207298909036771,-0.08207298909036692,0.2034505088314789,0.2034505088314789,-0.17417918819107106,-0.17417918819107142,0.23856707351208814,0.29893825740563734,0.01162832662107552,0.011479207827732566,0.011628326621075281,0.01127845813300471,0.01144917316106053,0.011333184134378959,0.01158867284608074,0.011491837158380222,0.0115775017459629,0.01006991200367258,0.011510084388640885,0.012053535306712023,0.011628326621075262,0.011628326621075503,0.011278458133004534,0.011628326621075326,0.011628326621075503,0.008781572098966604,0.011628326621075326,0.011628326621075854,0.012037370183802212,0.012295219742948714,0.011628326621075503,0.011330923369501618,0.012037370183802212,0.012781867750990453,0.012116855405786706,0.01162832662107552,0.01247727298637326,0.011479207827732743,0.01097426202034644,0.01097426202034644,0.011342163352206718,0.011449173161060594,0.011292445283978667,0.011424230143229094
Aus_25.To.Aus_21,-2.5209176012589175e-17,-4.6180401923311094e-17,-1.9128154400627886e-17,-1.9128154400627886e-17,-3.488994197696885e-18,4.313667074890747e-17,2.518291849096516e-17,-2.6540567647884677e-17,1.652541854819457e-17,1.6890619779612725e-17,1.6890619779612725e-17,1.6890619779612725e-17,-4.098308604830238e-17,-8.952234490163259e-18,2.972889126370507e-17,-3.2690787336949946e-17,-3.2690787336949946e-17,-2.3419705370895476e-17,-2.3419705370895476e-17,-3.0656534769680494e-17,2.7217171058234612e-17,4.658563991901557e-17,-4.098308604830238e-17,9.701949186154966e-17,-3.6423250584137414e-18,7.811905508829143e-17,1.6282242990692665e-16,-1.3428172314934787e-16,-1.238012834355723e-16,-2.0112310696346793e-16,1.143767947433285e-16,-8.908095632431551e-17,-1.018437659235736e-16,-1.3821154975751594e-16,-1.1666954951648414e-16,5.92186183150332e-17,7.811905508829143e-17,1.6282242990692665e-16,-1.53375768223369e-16,-1.3447533145011076e-16,-4.216745909043314e-18,-1.53375768223369e-16,7.811905508829143e-17,0.9999999999999999,-1.039326954336966e-16,7.811905508829143e-17,-1.1393251656862526e-16,-5.844172795642694e-17,2.2871399891284623e-17,-2.2016804646691303e-16,9.701949186154966e-17,2.1024298670250836e-16,-2.1623671159681593e-16,-6.134688663323501e-17,-6.134688663323501e-17,6.296259044014107e-17,-1.8534311493517654e-17,7.930503706692099e-17,1.3005578060231123e-16
Cro_14.To.Cro_10,-0.03638372972782521,-0.04674495910207236,-0.20836416149717335,-0.20836416149717335,0.05726325996810408,-0.3799873594975474,0.280460694239776,-0.44202057671753303,-0.4203598809885472,-0.3364305517372809,-0.3364305517372809,-0.33643055173728126,-0.3364305517372808,-0.0292893463608275,-0.26531629278809066,0.2804606942397763,0.2804606942397763,-0.26531629278809127,-0.26531629278809127,-0.4898326853317624,-0.48983268533176205,-0.3188534497066711,-0.3364305517372808,-0.03973644183231368,-0.03922687150023989,-0.039736441832313694,-0.038540867500923205,-0.03912423671674433,-0.038727877776880186,-0.039600936529200007,-0.03927002858371457,-0.0395627625266532,-0.03441101076961706,-0.03933238321370353,-0.04118946949089109,-0.03973644183231387,-0.039736441832313806,-0.038540867500923205,-0.03973644183231387,-0.039736441832313694,-0.030008481897507953,-0.039736441832313806,-0.03973644183231374,-0.04113422986036322,-0.04201535612576549,-0.039736441832313694,-0.03872015226701347,-0.04113422986036322,-0.0436783348925735,-0.04140584760923005,-0.03973644183231368,-0.04263747041215079,-0.03922687150023978,-0.037501365298228416,-0.037501365298228416,-0.03875856165587139,-0.03912423671674449,-0.03858866454250848,-0.039039001170007144
Cro_5.To.Cro_7,-3.132033612880965e-16,-3.4774821400343035e-16,-5.336444720525152e-16,-5.336444720525152e-16,-1.8446725350454777e-16,-6.865341887000469e-16,-5.691252655892262e-16,-1.0729134385726446e-15,-1.1044712778897065e-15,-4.533212280579882e-16,-4.533212280579882e-16,0.3061043104229309,0.4048894983902465,-3.583496419541097e-16,-9.270637977479451e-16,-5.691252655892262e-16,-1.0132144754392888e-15,-1.1766064065477556e-15,-1.1766064065477556e-15,-1.0776132218728197e-15,-6.335240120227571e-16,-1.0598326966761285e-15,0.285988195208624,-6.152299035657941e-16,-4.6778625209138705e-16,-6.014809016284044e-16,-6.87006116770663e-16,-5.21407545446741e-16,-6.524372683657177e-16,-3.1141608706516326e-16,-5.227021428638621e-16,-4.805061795440956e-16,-4.3240068057699e-16,-5.908279220028151e-16,-5.905692033843413e-16,-4.2807294696593617e-16,-6.014809016284044e-16,-4.649615118456317e-16,-4.904585991658888e-16,-4.4182194890332586e-16,-3.6695373465231103e-16,-6.501175518909675e-16,-6.152299035657941e-16,-5.338069518982206e-16,-5.009255480450627e-16,-4.4182194890332586e-16,-6.501591815877874e-16,-5.338069518982206e-16,-4.90754806711192e-16,-5.250617068020407e-16,-4.555709508407154e-16,-3.2200784052786916e-16,-6.898308570164184e-16,-6.628013150826663e-16,-6.628013150826663e-16,-6.405590231134765e-16,-6.324298479092566e-16,-6.786160278118689e-16,-6.195402443337455e-16
Cro_15.To.Cro_14,6.17061443392028e-17,1.6442068996732764e-17,-2.981708655966014e-17,-2.981708655966014e-17,2.1641472085295353e-17,-3.185930543413009e-17,2.934755121582203e-17,1.7721058004152363e-16,2.216891640370241e-16,1.8122748288892376e-16,1.8122748288892376e-16,-1.3134026657229034e-16,4.970602250007524e-17,2.1696786788783148e-17,4.7896898500832283e-17,-1.0217390917302649e-16,-1.0217390917302649e-16,8.889521435349802e-17,8.889521435349802e-17,-1.5813804330934328e-16,-0.9999999999999999,-9.46324741855138e-17,4.970602250007524e-17,-1.3218622222830464e-18,5.307728063246821e-17,-2.1821020148615913e-17,2.306622746600225e-17,2.871514287682928e-17,5.227539147090854e-17,2.0045443237391757e-17,-4.498680692861488e-17,-5.119353856807729e-17,-1.6889958441852833e-17,4.377781244265587e-17,3.8685906128566786e-17,2.344055211947548e-17,-2.1821020148615913e-17,2.306622746600225e-17,2.344055211947548e-17,-2.1821020148615913e-17,-1.7588629174032316e-17,-2.1821020148615913e-17,4.393971004580835e-17,-4.7738253529080225e-17,3.324441031804423e-17,-2.1821020148615913e-17,-2.805089477335269e-17,-4.7738253529080225e-17,2.6523066697321333e-17,2.1691896771691187e-17,-1.3218622222830464e-18,5.545117514803865e-18,5.307728063246821e-17,-3.3646170224555187e-17,-3.3646170224555187e-17,-2.862597816651456e-17,-1.6546429391262116e-17,5.029059429513781e-17,-4.3246038357101994e-17
Aus_2.To.Aus_30,-1.2700047577164259e-17,-3.120858044862197e-17,-1.002997479857528e-17,-1.002997479857528e-17,1.3304205896379783e-17,3.309482626889263e-17,-5.2246422031955626e-17,1.2478172837744773e-19,2.560216066413304e-18,1.2024903258275043e-17,1.2024903258275043e-17,-2.3218016435712597e-17,5.256136633281542e-17,3.116460906889996e-17,2.9741976303466236e-17,-5.2246422031955626e-17,-1.7003502337967985e-17,-4.603740646506178e-17,-4.603740646506178e-17,4.9202209108946836e-17,4.9202209108946836e-17,8.20903403381977e-18,-2.3218016435712597e-17,-1.6953616546078992e-16,-4.667503856187915e-16,4.366988966874342e-16,2.082525104441942e-16,4.2917895030755616e-16,2.071920839892448e-16,6.721168915023712e-16,1.6396549874011853e-16,-1.9343819737216575e-16,8.685976906464258e-17,5.862467587560277e-17,1.604815815143889e-17,5.988447489855957e-16,-1.4836199193857898e-16,6.728083166824363e-17,7.398164277615463e-16,-7.39031316262842e-18,-9.349883762605004e-17,-1.4836199193857898e-16,-4.51479523012691e-16,-4.1237410971631525e-17,-7.984615928476729e-17,-1.4836199193857898e-16,-1.280733760888654e-16,-4.1237410971631525e-17,-8.614192008440324e-18,5.2499118846827525e-17,-1.6953616546078992e-16,-5.2895338652650554e-17,0.9999999999999994,1.8450577324588237e-16,1.8450577324588237e-16,1.9014456052954816e-16,1.260614192334441e-16,1.298635468201264e-17,-2.8174304021275595e-16
Aus_9.To.Aus_11,-0.004600746734448402,-0.004863552008352501,-0.004592250925158742,-0.004592250925158742,-0.0007991497379839887,-0.00430415669607789,-0.003914029526809688,-0.004151018213543722,-0.004165176870198285,-0.004220037829928096,-0.004220037829928096,-0.004220037829928318,-0.004220037829928128,-0.0044208027049707655,-0.004266522134416466,-0.003914029526809466,-0.003914029526809355,-0.004266522134416656,-0.004266522134416656,-0.004119765513341156,-0.004119765513341156,-0.004231527218622961,-0.004220037829927985,-0.5009290714987039,-0.3913251810446585,-0.5009290714987038,-0.20639648852181328,-0.369249383340331,0.22230788411370442,-0.471783127428566,-0.4390716021148464,-0.5507732230503725,0.0624372607600219,0.2849618884168115,0.160426170515417,-0.5009290714987036,-0.5009290714987028,-0.2063964885218124,-0.5009290714987036,-0.5009290714987027,0.015783416062304628,-0.5009290714987034,-0.5009290714987045,-0.32559709547166044,0.10504242973682894,-0.5009290714987037,-0.25841093498170403,-0.32559709547166044,-0.006476489509509117,-0.29152663866620415,-0.5009290714987044,-0.13703764933253107,-0.3913251810446594,0.09518592054783463,0.09518592054783463,-0.26955434188608324,-0.36924938334033147,-0.22026345956847568,-0.3509160013921374
Aus_12.To.Aus_22,0.016423535601195683,0.017361685867070212,0.016393207649150858,0.016393207649150858,0.002852768241770967,0.015364782025896747,0.01397212387205915,0.01481811526395983,0.014868658189935097,0.015064498338773078,0.015064498338773078,0.015064498338773078,0.015064498338773158,0.015781179621845543,0.015230435886247165,0.013972123872059119,0.013972123872059088,0.015230435886247338,0.015230435886247338,0.014706550801920048,0.01470655080192016,0.01510551263387741,0.015064498338773158,-0.34697723333902175,-0.35185193717765423,-0.3469772333390217,-0.3491594513994854,-0.35283377254284415,-0.3971237194916081,-0.34827351803156936,-0.3609635497061494,-0.3702315826678253,-0.22288568228622613,-0.42538134641041586,-0.6610447014874338,-0.34697723333902136,-0.3469772333390217,-0.3491594513994854,-0.34697723333902153,-0.3469772333390214,-0.05634291791523998,-0.346977233339022,-0.34697723333902203,-0.21574162082200946,0.23415068190504715,-0.3469772333390214,-0.3507753562941106,-0.21574162082200946,0.0231194765044909,-0.1902399561005161,-0.34697723333902175,-0.07460527495592183,-0.3518519371776547,-0.339790352541069,-0.339790352541069,-0.35112154253630157,-0.3528337725428443,-0.34959024914728454,-0.3536491615494549
Cro_13.To.Cro_9,6.712027039402147e-17,1.3775988011672273e-17,7.204235709320539e-17,7.204235709320539e-17,7.250216458129886e-18,-4.321595448913356e-17,1.0223512802306581e-16,6.312758484124149e-17,-8.078941934494665e-17,9.986390390899817e-17,9.986390390899817e-17,2.206561689882717e-16,5.900769660287717e-17,-1.0916128500350584e-16,-2.091270947576671e-17,1.0223512802306581e-16,1.0223512802306581e-16,-1.0000000000000004,-1.0000000000000004,2.5543269308777217e-17,8.593940184841399e-17,-1.8415695256096315e-16,2.206561689882717e-16,-1.6881140638128708e-16,1.0597913945404392e-17,3.280509489068373e-17,-1.2835942093586788e-16,7.47549030966646e-18,-9.136206534281311e-17,-1.3131613003987558e-16,-5.4174699900168363e-17,-2.6813434662473248e-17,-1.2232798858097198e-16,-1.700687069788605e-16,-1.7861800102190274e-16,-1.7821075032195154e-17,-4.801914130201354e-17,-9.81613546660495e-17,-4.801914130201354e-17,3.280509489068373e-17,-4.092969930816959e-17,3.280509489068373e-17,-2.7591037648953043e-17,-1.7125657389695884e-17,-1.9441301563330364e-16,3.280509489068373e-17,3.55753521080465e-17,-1.7125657389695884e-17,-1.3734200101134297e-18,2.845307790597034e-17,-1.6881140638128708e-16,4.193145966302032e-17,-1.3062245478692965e-16,-1.5682561581795294e-16,-1.5682561581795294e-16,-8.889805820893439e-17,-2.2722575960151926e-17,-1.5899123968095578e-16,1.869531992844099e-17
Aus_1.To.Aus_28,3.0680184526757145e-17,2.756198508433454e-17,-1.0038179888365896e-17,-1.0038179888365896e-17,4.688457764002535e-18,-3.76907084975067e-17,4.680095304921356e-17,4.1310074492046434e-17,3.415439259146356e-17,3.6185141660499933e-17,3.6185141660499933e-17,3.6185141660499933e-17,2.3750643784843245e-17,-3.49059170028925e-17,-1.152522703033488e-18,3.436645517355687e-17,3.436645517355687e-17,-1.152522703033488e-18,-1.152522703033488e-18,3.607336730970944e-18,3.607336730970944e-18,4.146114972184962e-17,2.3750643784843245e-17,1.2855868691793159e-16,7.21885045392062e-17,-4.1404992867873244e-16,1.3051304638468939e-17,-1.7899641942622498e-16,1.1698815079371427e-17,7.693808976345244e-17,-1.3863248751509642e-16,1.3338863110466257e-16,-2.0985960562285912e-17,-4.009037340308339e-18,1.1901644937350004e-18,1.249020726006646e-16,3.0189060229914334e-16,1.3051304638468939e-17,-5.4243959449230477e-17,1.2589889433646714e-16,1.8967818035517007e-17,-5.4243959449230477e-17,2.9082703912678085e-17,-2.152093607452169e-16,-6.321409005164495e-17,-4.1404992867873244e-16,-2.7462493904785358e-17,-2.152093607452169e-16,-3.191207737957553e-17,-1.6810013762303123e-16,1.0000000000000002,5.227503962099349e-18,7.21885045392062e-17,1.7808486595849966e-16,1.7808486595849966e-16,-2.2024669721309896e-16,-1.2925842792359823e-16,-1.0583198027406667e-16,-1.50434783711587e-16
Aus_6.To.Aus_32,-0.02102428233564345,-0.02222523787542224,-0.020985458574309297,-0.020985458574309297,-0.0036519179797548664,-0.019668938721974366,-0.01788615339886808,-0.018969133477502946,-0.019033835060132523,-0.019284536168700513,-0.019284536168700513,-0.019284536168700513,-0.019284536168700524,-0.02020198232681577,-0.019496958020663174,-0.01788615339886808,-0.01788615339886808,-0.019496958020663382,-0.019496958020663382,-0.018826316315260706,-0.018826316315260706,-0.019337039852499793,-0.019284536168700635,-0.15395183815968108,-0.039473243867003745,-0.1539518381596812,0.14276296287767382,-0.016415610797486234,-0.38056839639468676,-0.12350960939699576,-0.07810805240869623,-0.18054164038254714,0.285322943046249,-0.2896567651727725,-0.17852912799714943,-0.15395183815968172,-0.15395183815968075,0.14276296287767382,-0.15395183815968122,-0.1539518381596812,0.07212633397754516,-0.15395183815968075,-0.15395183815968064,-0.1098554746496504,-0.12910825216821809,-0.1539518381596807,0.09236442131240748,-0.1098554746496504,-0.02959596601399952,-0.10128668256568683,-0.15395183815968108,-0.062432374376608736,-0.039473243867003696,0.43497627308890485,0.43497627308890485,0.08156720065021933,-0.016415610797485745,0.12932678957881022,0.0027331601573183906
Cro_9.To.Cro_8,0.06558880781153809,0.026060898012578704,-0.10448413344931162,-0.10448413344931162,-0.03192498199940293,-0.24310971413852925,-0.15636033680464886,-0.39158298778919,-0.4186509441713417,-0.5235319439222635,-0.5235319439222635,-0.5235319439222631,-0.5235319439222631,0.09265375692915176,-0.612398787511681,-0.15636033680464886,-0.15636033680464886,-0.6123987875116812,-0.6123987875116812,-0.33183531916851616,-0.33183531916851594,-0.5454969000364165,-0.5235319439222631,0.02215356217797583,0.021869470359103364,0.022153562177975955,0.021487014569092678,0.021812250186563038,0.021591275131571094,0.022078016280568994,0.021893530971682236,0.022056733797789926,0.01918456790642427,0.02192829445600156,0.02296364322943147,0.02215356217797575,0.02215356217797585,0.02148701456909269,0.02215356217797574,0.022153562177975955,0.016730103122683,0.022153562177975622,0.02215356217797583,0.022932846446096625,0.02342408533430959,0.022153562177975733,0.02158696806341672,0.022932846446096625,0.02435121674850599,0.023084276730508047,0.02215356217797583,0.02377092181210482,0.021869470359103475,0.020907479119524165,0.020907479119524165,0.021608381777001504,0.02181225018656303,0.02151366201621811,0.021764730305633927
Cro_5.To.Cro_6,2.1043931718206277e-17,-2.314996476294621e-17,4.130395757215664e-17,4.130395757215664e-17,-6.499007111732068e-18,-9.545106647183894e-17,-3.4509388025757605e-17,5.966789173635112e-17,-8.39389820168948e-17,-1.0062923225563797e-16,-1.0062923225563797e-16,0.4046980796062219,0.21258379012708212,-3.8433806657510674e-17,-6.571358982981468e-18,-3.4509388025757605e-17,-3.479360512009713e-17,-7.139793171660522e-18,-7.139793171660522e-18,5.398760070980329e-17,5.427181780414282e-17,6.42238000294318e-17,0.15015567138877858,-3.358034280383528e-17,3.467364431059943e-17,-3.3296125709495756e-17,1.8643207962638776e-17,-2.5866125051595863e-17,-4.844760092694481e-17,3.916984338984184e-18,-2.6709146655749226e-17,5.262068408468487e-17,-2.7723085583606024e-17,-7.286097815856582e-18,-4.122921679669296e-17,-3.301190861515623e-17,-3.3296125709495756e-17,1.878531650980854e-17,-3.315401716232599e-17,-3.3296125709495756e-17,1.2942841829003e-17,-3.315401716232599e-17,-3.358034280383528e-17,-2.2791478311275206e-17,4.160727657934425e-17,-3.3296125709495756e-17,-2.377818730424559e-17,-2.2791478311275206e-17,-4.880213653737215e-17,-2.5838464167328247e-17,-3.358034280383528e-17,-4.274332112250526e-17,3.453153576342967e-17,-6.8523585840618486e-18,-6.8523585840618486e-18,-2.2675086205910567e-17,-2.6008233598765627e-17,-3.211437801571022e-17,-1.4088194586536678e-17
Cro_16.To.Cro_2,-0.031161474013376763,-0.01238162459847874,0.04964078046129896,0.04964078046129896,0.015167671591324521,0.11550228297021298,0.07428734771428067,0.3328228972594279,0.00585702647020901,-0.1775297986721009,-0.1775297986721009,-0.17752979867210067,-0.1775297986721007,-0.04402012683452972,-0.18415070365684208,0.07428734771428089,0.07428734771428067,-0.18415070365684208,-0.18415070365684208,0.15765613097744388,0.15765613097744388,-0.21593602645149676,-0.17752979867210067,-0.010525235556900546,-0.01039026253137095,-0.010525235556900553,-0.010208556436088183,-0.010363077025502624,-0.010258090997192373,-0.010489343434488055,-0.010401693813302137,-0.010479232051827008,-0.009114655902751938,-0.010418210067360857,-0.010910107922719061,-0.010525235556900558,-0.010525235556900554,-0.010208556436088076,-0.010525235556900665,-0.010525235556900553,-0.007948531023716593,-0.010525235556900554,-0.010525235556900442,-0.010895476262294385,-0.011128865591360622,-0.010525235556900443,-0.010256044693915329,-0.010895476262294385,-0.01156934899751577,-0.010967421324721479,-0.010525235556900546,-0.011293648825731747,-0.010390262531371057,-0.00993321709917791,-0.00993321709917791,-0.010266218424795094,-0.010363077025502621,-0.010221216732239786,-0.010340500162405194
Aus_3.To.Aus_17,-3.679749401236796e-17,2.438273732041112e-17,2.1656894457886967e-17,2.1656894457886967e-17,-5.264035003689446e-19,-1.3669523912624817e-17,-2.580090505054846e-17,-1.926234219778162e-17,-5.284152001087045e-17,5.3965934629430085e-17,5.3965934629430085e-17,5.3965934629430085e-17,-5.3397072743928573e-17,8.037393987010478e-18,-3.093906071495885e-17,-2.2141609961391465e-17,-2.580090505054846e-17,-3.825765089327284e-17,-3.825765089327284e-17,1.0783032780887837e-17,1.0783032780887837e-17,2.4341771791812984e-17,-5.3397072743928573e-17,-0.08356645794738361,-8.966775393172727e-17,-0.08356645794738353,-2.1467335940116305e-16,-4.747023348987777e-17,-5.3592285227791704e-17,5.8511731881501616e-18,-6.678031016475026e-17,-7.085325130950108e-18,9.034090516493227e-17,7.54709176182577e-17,8.598261389102019e-17,-1.4823854217972773e-16,0.3279534322926504,-2.0003617904453506e-16,7.561787841263715e-16,0.7296672094994855,5.456173228633725e-17,-1.3199963557375376e-16,-0.08356645794738445,9.567442837130779e-17,-8.978058065278728e-17,-0.08356645794738439,-9.216730641416971e-17,9.567442837130779e-17,3.5684529471302123e-17,-1.578674713792098e-17,-0.08356645794738361,-8.133857360929832e-17,-8.966775393172727e-17,5.987382885953257e-18,5.987382885953257e-18,1.513292639694727e-16,-4.747023348987777e-17,-1.8000693220479622e-16,-1.6735972775660651e-16
Aus_36.To.Aus_5,0.0012576000216655413,0.001329437037965755,0.001255277718230184,0.001255277718230184,0.0002184451320211981,0.0011765280435259398,0.0010698879772841514,0.0011346681085918852,0.001138538334001578,0.0011535344092317346,0.0011535344092317346,0.001153534409231629,0.0011535344092317291,0.00120841287261542,0.0011662407514205569,0.0010698879772840404,0.0010698879772840404,0.0011662407514204513,0.0011662407514204513,0.0011261252787599292,0.0011261252787599292,0.001156674998424308,0.0011535344092318402,0.03434414498172832,0.18479735605248515,0.03434414498172869,-0.08390750274634917,0.5691538272738283,-0.009536644191705766,0.07435276928215406,-0.057049597454205736,0.012131844454759715,-0.017067033900521892,-0.001413171582018292,-5.2817195567726644e-5,0.03434414498172776,0.03434414498172825,-0.08390750274634919,0.03434414498172823,0.03434414498172869,-0.004314348415071255,0.0343441449817278,0.034344144981728296,0.022793529598645862,0.0005521619700546632,0.03434414498172869,-0.09389167223013353,0.022793529598645862,0.0017703285613378966,0.02054901749421909,0.03434414498172832,0.010371507737304306,0.18479735605248476,-0.026018779700894137,-0.026018779700894137,-0.09603064843256026,0.5691538272738288,-0.08656926690187805,-0.11164801347780379
Slv_6.To.Slv_1,-0.16591358099980139,-0.11826863932899254,-0.16745381773875748,-0.16745381773875748,-0.8551191835427306,-0.21968348777676938,-0.29041108752340644,-0.24744653057842675,-0.24487965526265018,-0.23493370864024,-0.23493370864024,-0.23493370864023994,-0.23493370864023994,-0.198536300708246,-0.22650639687794277,-0.2904110875234064,-0.29041108752340633,-0.22650639687794283,-0.22650639687794283,-0.25311244837408026,-0.2531124483740802,-0.2328507548011865,-0.23493370864023994,-0.10053650698509332,-0.09924725160923081,-0.1005365069850933,-0.09751160436229973,-0.09898757705982522,-0.0979847559342087,-0.10019366728367986,-0.09935644262443424,-0.10009708387820362,-0.0870627229081795,-0.09951420503104043,-0.10421278796572525,-0.10053650698509325,-0.10053650698509328,-0.09751160436229972,-0.10053650698509327,-0.1005365069850933,-0.07592395823038862,-0.10053650698509325,-0.10053650698509331,-0.10407302710027373,-0.10630234992968585,-0.10053650698509328,-0.09796520975088542,-0.10407302710027373,-0.1105098246983319,-0.10476024262453894,-0.10053650698509332,-0.10787635088232835,-0.09924725160923083,-0.09488157722239482,-0.09488157722239482,-0.09806238870333135,-0.09898757705982522,-0.09763253485792613,-0.0987719240283814
Slv_3.To.Slv_1,-0.6778629096837994,-0.7165840038737793,-0.6766111576666377,-0.6766111576666377,-0.11774479186318652,-0.634164049912227,-0.576683655234808,-0.6116009958371276,-0.6136870981050839,-0.6217701793823317,-0.6217701793823317,-0.6217701793823316,-0.6217701793823315,-0.6513503910770673,-0.6286190645120654,-0.576683655234808,-0.576683655234808,-0.6286190645120655,-0.6286190645120655,-0.6069962984874275,-0.6069962984874275,-0.6234629981573577,-0.6217701793823316,-0.609145865882991,-0.6013343294985958,-0.6091458658829907,-0.5908181262127981,-0.5997609738789411,-0.5936849288560122,-0.6070686166027119,-0.6019959126139969,-0.6064834223889577,-0.5275088554637901,-0.6029517874564574,-0.6314202757300355,-0.6091458658829907,-0.6091458658829908,-0.5908181262127981,-0.6091458658829907,-0.6091458658829909,-0.4600196154056904,-0.6091458658829908,-0.609145865882991,-0.6305734713606073,-0.6440808312836681,-0.6091458658829909,-0.5935664994702874,-0.6305734713606073,-0.669573718772864,-0.6347372772071624,-0.6091458658829911,-0.6536176274381259,-0.6013343294985959,-0.5748829181229578,-0.5748829181229578,-0.59415530207452,-0.5997609738789412,-0.5915508382760978,-0.5984543425217506
Aus_36.To.Aus_24,-0.004449662986985216,-0.004703838008470161,-0.004441446171254342,-0.004441446171254342,-0.0007729064900575491,-0.004162812657632218,-0.0037854968596742547,-0.004014703083915905,-0.0040283967849817194,-0.004081456167736447,-0.004081456167736447,-0.004081456167736547,-0.004081456167736458,-0.004275628132664654,-0.004126413975913517,-0.0037854968596742547,-0.0037854968596742547,-0.004126413975913506,-0.004126413975913506,-0.003984476689949608,-0.003984476689949608,-0.004092568256831858,-0.004081456167736458,-0.09217415220605564,-0.1925795991174337,-0.09217415220605533,0.3370216920284008,-0.2128026981812178,0.01908874533886086,-0.118874039663456,-0.16428133005790518,-0.08151951226539284,0.06038688592276937,-0.016876309793631458,-0.012341438649951417,-0.09217415220605542,-0.09217415220605533,0.3370216920284008,-0.09217415220605538,-0.09217415220605489,0.01526510506105224,-0.09217415220605622,-0.0921741522060557,-0.061710502294936374,-0.010324682878046908,-0.09217415220605533,0.49300107767396945,-0.061710502294936374,-0.006263808316220143,-0.05579081501397373,-0.09217415220605564,-0.02894860064539979,-0.1925795991174345,0.09206011371428112,0.09206011371428112,0.08939804103270582,-0.21280269818121775,0.28265331476545985,-0.2295974615813104
Cro_10.To.Cro_8,0.1295298512719758,0.07152368022691989,-0.04091034375841608,-0.04091034375841608,-0.08761755648916537,-0.16030387172077784,-0.42912821823681735,-0.19457404613910642,-0.17548022572589755,-0.10149684309704148,-0.10149684309704148,-0.10149684309704148,-0.1014968430970415,0.16924695434741796,-0.03880989591014849,-0.42912821823681735,-0.42912821823681735,-0.038809895910148266,-0.038809895910148266,-0.2367202369576823,-0.2367202369576823,-0.08600269490548469,-0.10149684309704128,0.06080006515277941,0.06002038010899094,0.06080006515277949,0.0589707368613765,0.059863340343080614,0.059256878157328545,0.06059273075447985,0.06008641404071932,0.060534321351550104,0.05265171213856229,0.060181821817336646,0.06302331847483383,0.06080006515277936,0.060800065152779484,0.05897073686137639,0.06080006515277947,0.06080006515277949,0.04591547633288053,0.06080006515277937,0.060800065152779505,0.06293879723991032,0.06428699380391996,0.06080006515277938,0.05924505748387187,0.06293879723991032,0.06683148980575834,0.06335439501530875,0.06080006515277941,0.0652388804701774,0.06002038010899095,0.05738021192416627,0.05738021192416627,0.05930382704745992,0.059863340343080614,0.059043870315417496,0.05973292285837406
Aus_32.To.Aus_31,4.50473124689531e-17,4.327832249306048e-17,-1.9091074216575983e-17,-1.9091074216575983e-17,2.6693133702756456e-18,6.554869670036926e-18,1.453994115428659e-18,-2.5157133767157722e-17,-1.4919010251104272e-18,-2.5918077002128644e-17,-2.5918077002128644e-17,-2.5918077002128644e-17,1.612828938653792e-17,1.9410963646575038e-17,1.3883446079584757e-19,1.453994115428659e-18,1.453994115428659e-18,1.3603619303387112e-17,1.3603619303387112e-17,2.599564625267187e-17,2.599564625267187e-17,-3.4307741748707926e-18,1.612828938653792e-17,7.75604982813497e-17,-4.357656102354144e-17,-3.0157780459380414e-17,-2.0218372896206354e-16,-4.564291378902895e-17,-8.73923965513344e-18,5.599099493476462e-17,-9.099082218193037e-17,-2.662549658476725e-17,-8.872606577740258e-18,1.7345086343621098e-17,6.20300225896355e-17,8.416854572492078e-17,-3.0157780459380414e-17,-2.0218372896206354e-16,-8.401691982974547e-17,-3.0157780459380414e-17,-1.4532578179561062e-17,-3.0157780459380414e-17,7.75604982813497e-17,-4.363190990990245e-18,9.056017152375096e-17,2.3701358910984642e-17,1.9208590048582145e-16,-4.363190990990245e-18,2.6672642644443725e-17,5.32543094743941e-17,7.75604982813497e-17,5.700212088353334e-18,1.0282578346823615e-17,0.9999999999999999,-8.615915762186349e-17,6.194273899107814e-17,8.216225581336108e-18,-1.3904930361505508e-16,-9.463457976943902e-17
Aus_36.To.Aus_8,0.0029317107539280885,0.003099176839797281,0.0029262970120084476,0.0029262970120084476,0.0005092381772080753,0.0027427161721379745,0.0024941173938180993,0.0026451325053989034,0.0026541547551272395,0.002689113529190332,0.002689113529190332,0.0026891135291903525,0.0026891135291903677,0.0028170459230269355,0.002718734489269974,0.0024941173938180993,0.0024941173938179883,0.0027187344892699943,0.0027187344892699943,0.0026252175040824637,0.0026252175040824637,0.0026964348546918513,0.0026891135291903677,0.03716425157926209,-0.24357248410914434,0.03716425157926274,-0.25428649966083783,-0.3001168947095064,-0.0008080078825758613,-0.03748945973437143,0.40228722093793057,0.08470578556827595,-0.03978658234878667,0.028688421987774167,0.01819297276405189,0.03716425157926213,0.03716425157926185,-0.2542864996608379,0.03716425157926221,0.03716425157926229,-0.01005758701237216,0.03716425157926229,0.03716425157926245,0.025449296171894207,0.013525418355109085,0.03716425157926229,-0.2876824901237527,0.025449296171894207,0.004126980909547418,0.023172849563415775,0.03716425157926209,0.012850536075691442,-0.24357248410914462,-0.060654846484654204,-0.060654846484654204,-0.29483713918821935,-0.3001168947095068,-0.2631898191103866,-0.3470755727358367
Aus_36.To.Aus_2,0.0023159899260295734,0.0024482846168699906,0.00231171318360825,0.00231171318360825,0.0004022874653590016,0.0021666881755366793,0.0019703003615475405,0.002089599128191136,0.0020967265159981675,0.002124343213330252,0.002124343213330252,0.0021243432133301082,0.0021243432133301737,0.0022254071177216874,0.002147743149716171,0.0019703003615475405,0.0019703003615476515,0.002147743149716194,0.002147743149716194,0.002073866695390975,0.002073866695390975,0.0021301269067194825,0.0021243432133302848,0.06324800606352535,0.34032188899591487,0.06324800606352508,-0.1545236384629763,0.04207551479060583,-0.017562636367383404,0.13692768898161728,-0.10506225406470736,0.02234194422497859,-0.03143056448780348,-0.002602489735468151,-9.726788386676678e-5,0.06324800606352533,0.06324800606352508,-0.15452363846297637,0.06324800606352499,0.06324800606352553,-0.007945282517931336,0.06324800606352508,0.06324800606352526,0.04197645039733192,0.001016858729445757,0.06324800606352508,-0.17291043517565136,0.04197645039733192,0.0032602282468082995,0.03784296810316052,0.06324800606352535,0.019100116908017436,0.34032188899591415,-0.04791605489562471,-0.04791605489562471,-0.17684956307919278,0.042075514790605485,-0.15942553005288557,-0.20561042463516974
Aus_5.To.Aus_2,0.001257600021665134,0.0013294370379652795,0.001255277718229675,0.001255277718229675,0.00021844513202111203,0.0011765280435255645,0.0010698879772835222,0.0011346681085912722,0.0011385383340011166,0.0011535344092314115,0.0011535344092314115,0.0011535344092313004,0.0011535344092313325,0.0012084128726148507,0.001166240751420122,0.00106988797728361,0.0010698879772836655,0.0011662407514201774,0.0011662407514201774,0.0011261252787594898,0.0011261252787594898,0.0011566749984238257,0.0011535344092313004,0.034344144981726,0.18479735605248301,0.03434414498172581,-0.08390750274635173,-0.4308461727261734,-0.009536644191708092,0.074352769282152,-0.05704959745420808,0.012131844454758265,-0.01706703390052323,-0.0014131715820204361,-5.281719556940549e-5,0.034344144981726325,0.03434414498172616,-0.08390750274635138,0.03434414498172607,0.03434414498172581,-0.004314348415072017,0.03434414498172651,0.0343441449817259,0.022793529598644304,0.0005521619700531678,0.03434414498172581,-0.09389167223013593,0.022793529598644304,0.0017703285613371391,0.020549017494218145,0.034344144981726,0.010371507737303323,0.18479735605248268,-0.026018779700895684,-0.026018779700895684,-0.09603064843256244,-0.43084617272617365,-0.08656926690188024,-0.11164801347780558
Aus_35.To.Aus_33,0.0020556377146381116,0.0021730604861629893,0.002051841742592576,0.002051841742592576,0.0003570642845307452,0.0019231197335686327,0.0017488088729756246,0.0018546966582660067,0.0018610228201452778,0.0018855349840159869,0.0018855349840159869,0.0018855349840159869,0.0018855349840159624,0.0019752377806994555,0.0019063044144933458,0.0017488088729755136,0.001748808872975427,0.0019063044144933703,0.0019063044144933703,0.0018407327882838192,0.0018407327882838192,0.0018906685030037002,0.0018855349840159624,0.04258225041846108,0.08896716182182213,0.042582250418461226,-0.15569594884176205,0.0983097491737115,-0.00881854310280433,0.05491695886594572,0.07589403936111289,0.03766006198262293,-0.027897294814342243,0.007796450876656694,0.005701449034665466,0.04258225041846113,0.042582250418461226,-0.1556959488417617,0.042582250418461226,0.04258225041846145,-0.007052112884322559,0.042582250418461226,0.042582250418461545,0.028508773872936096,0.00476975617656211,0.042582250418461226,-0.06148351985556766,0.028508773872936096,0.0028937294014731827,0.025774020146821886,0.04258225041846108,0.013373560075613721,0.08896716182182213,-0.04252956736689093,-0.04252956736689093,0.5216806903327335,0.09830974917371116,-0.22653130129968982,0.10606852756988051
Cro_12.To.Cro_13,-4.119961550134395e-17,-2.0261698152934327e-17,-1.327624077788233e-17,-1.327624077788233e-17,-8.275891560907736e-18,-7.392134366184694e-18,-5.440929212112715e-17,6.827325153811114e-17,3.47512875122632e-17,-8.342318332935716e-17,-8.342318332935716e-17,4.077968688169484e-17,1.0288112198722084e-16,-4.997149939780146e-17,-9.971570019038362e-17,-5.440929212112715e-17,-5.440929212112715e-17,-1.0000000000000002,-3.0376337115300325e-17,-1.3347907268400858e-17,4.875352783712514e-17,5.524610641303686e-17,4.077968688169484e-17,-2.3168047190056732e-17,-1.5422416455815113e-18,1.447295423697444e-17,1.3005609659229422e-17,-2.082066993179606e-17,-1.2529158374181939e-17,-5.735882843794923e-18,-2.27864669027755e-17,-1.7517574624592945e-17,-1.0694394386069165e-17,-4.9145871246022365e-18,7.691637238600076e-18,2.106323811124261e-17,-9.987479441520389e-18,-1.1454824019265406e-17,-9.987479441520389e-18,1.447295423697444e-17,7.111797053923628e-18,1.447295423697444e-17,7.882670362706268e-18,-7.374010584786659e-18,-1.885709428321382e-17,1.447295423697444e-17,2.3807822121015157e-17,-7.374010584786659e-18,-7.343988205834807e-18,-2.345197939844913e-17,-2.3168047190056732e-17,1.905729295839381e-18,2.2918192032913316e-17,-9.112038472762666e-19,-9.112038472762666e-19,1.4468119302329182e-17,3.639763746698767e-18,-1.528250610438099e-17,1.9470085132112886e-17
Slv_7.To.Cro_14,0.029205078083711145,-0.02068406108949501,-0.3128482949464866,-0.3128482949464866,0.025338277968700692,-0.6230970736360778,0.12410035743512576,0.16639643549327574,0.16098917484010958,0.14003750434045423,0.14003750434045423,0.14003750434045437,0.14003750434045417,0.06336441056832265,0.12228491970022705,0.12410035743512572,0.12410035743512583,0.12228491970022703,0.12228491970022703,0.17833199549971937,0.17833199549971945,0.1356496502569116,0.14003750434045417,-0.017582879654339086,-0.01735740114113728,-0.01758287965433913,-0.017053852931831613,-0.0173119865301824,-0.017136602645310018,-0.017522920248632126,-0.01737649761203363,-0.017506028728864708,-0.015226442863193645,-0.017404088757703256,-0.018225826261461412,-0.017582879654339044,-0.01758287965433902,-0.017053852931831558,-0.0175828796543391,-0.01758287965433902,-0.013278378774825782,-0.017582879654338964,-0.01758287965433911,-0.01820138341426757,-0.018591270791457382,-0.01758287965433902,-0.017133184203597832,-0.01820138341426757,-0.01932711814406858,-0.01832157087872316,-0.017582879654339086,-0.01886654860004714,-0.01735740114113728,-0.016593886178705334,-0.016593886178705334,-0.0171501798788707,-0.017311986530182323,-0.01707500252629136,-0.01727427086437418
Aus_26.To.Aus_29,-0.01110604743607007,-0.0117404505029837,-0.011085538839003865,-0.011085538839003865,-0.0019291205125719613,-0.010390089087276991,-0.00944833525945767,-0.010020417955723874,-0.010054596475323443,-0.010187028981678677,-0.010187028981678677,-0.010187028981678732,-0.010187028981678697,-0.010671668618333357,-0.010299240524821758,-0.00944833525945767,-0.00944833525945767,-0.010299240524821717,-0.010299240524821717,-0.009944974991573005,-0.009944974991573005,-0.010214763978456928,-0.010187028981678753,0.3643145258767873,0.32712805801609207,0.3643145258767875,0.2863211523483568,0.3196381693047474,0.25021517255537573,0.3544258740420401,0.32075302846614223,0.33004720270161897,0.1507214414971377,0.2602891277465294,0.14238328283080434,0.36431452587678725,0.36431452587678737,0.2863211523483569,0.3643145258767875,0.36431452587678725,0.038100634007681745,0.3643145258767873,0.36431452587678714,0.5841836283604739,0.08994799068222331,0.36431452587678737,0.29607366254783996,0.5841836283604739,-0.015634027227200184,0.6269085261730069,0.3643145258767873,0.8206401899464602,0.32712805801609196,0.22977560162901242,0.22977560162901242,0.29816300881389585,0.3196381693047476,0.2889211564966812,0.313418009456679
Aus_5.To.Aus_34,-6.700111678218406e-17,-1.011297186800521e-16,-3.236237327081336e-18,-3.236237327081336e-18,1.5051270812985355e-18,-1.552342177623272e-17,-7.972719605888457e-18,4.026920281170784e-18,-3.58564658347842e-18,7.259705099006577e-18,7.259705099006577e-18,7.259705099006577e-18,-1.2475619386669109e-17,-9.082196868408249e-17,-5.68371025709667e-18,-2.7708044091564143e-17,-2.7708044091564143e-17,-5.68371025709667e-18,-5.68371025709667e-18,1.33051535419421e-17,1.33051535419421e-17,-1.260096011247576e-18,-6.798677061792694e-17,1.0395882503223378e-16,-1.2410422956002034e-16,-5.3923770853171714e-17,-9.742051313015789e-17,1.7474826048176332e-16,1.9797937665431353e-17,6.315642013194387e-17,-1.7053678836008823e-16,2.2018257525529096e-16,-6.846887790355142e-17,6.300339614514137e-17,-1.450805855115858e-16,3.75386150093814e-16,8.917953612915685e-17,4.5682793852170676e-17,1.0238238186454105e-17,-5.3923770853171714e-17,3.5468328292670234e-17,1.0238238186454105e-17,-2.75968375778203e-16,3.0915259571076686e-17,-1.9995575805088329e-16,-5.3923770853171714e-17,-1.9115416551133717e-16,3.0915259571076686e-17,-1.0274018153365477e-16,2.271437829220457e-17,1.0395882503223378e-16,-5.0429401958518945e-17,1.7688167330771372e-16,7.687192499778128e-17,7.687192499778128e-17,1.8598910260936694e-17,1.0,1.696273333207903e-17,1.3189268561265282e-17
Aus_9.To.Aus_8,-0.0029317107539284367,-0.003099176839797601,-0.0029262970120086927,-0.0029262970120086927,-0.0005092381772081102,-0.002742716172138336,-0.0024941173938183613,-0.0026451325053990717,-0.002654154755127484,-0.0026891135291905255,-0.0026891135291905255,-0.002689113529190486,-0.0026891135291905095,-0.0028170459230271523,-0.0027187344892701895,-0.0024941173938182897,-0.0024941173938182733,-0.0027187344892702775,-0.0027187344892702775,-0.002625217504082685,-0.002625217504082685,-0.0026964348546920595,-0.0026891135291905095,-0.03716425157926314,0.24357248410914328,-0.037164251579262945,0.2542864996608368,0.3001168947095054,0.0008080078825749917,0.037489459734370255,0.5977127790620679,-0.08470578556827697,0.03978658234878584,-0.028688421987775548,-0.01819297276405229,-0.037164251579263265,-0.03716425157926333,0.2542864996608369,-0.03716425157926304,-0.03716425157926317,0.01005758701237178,-0.03716425157926288,-0.037164251579263584,-0.02544929617189495,-0.013525418355109604,-0.03716425157926346,0.28768249012375186,-0.02544929617189495,-0.004126980909547661,-0.023172849563416732,-0.03716425157926343,-0.012850536075691785,0.2435724841091432,0.060654846484653156,0.060654846484653156,0.2948371391882185,0.3001168947095051,0.26318981911038536,0.3470755727358355
Aus_15.To.Aus_4,2.7260075202113766e-17,2.700551554616961e-18,-1.7741222526016702e-17,-1.7741222526016702e-17,2.9224916552842955e-18,1.1835366344013763e-17,-1.513371404119936e-17,1.859611371238586e-17,2.66492872271219e-17,-2.138218671940043e-17,-2.138218671940043e-17,-2.138218671940043e-17,1.0911980620761132e-17,-1.0775593440128094e-18,6.817855442258815e-18,-1.513371404119936e-17,-1.513371404119936e-17,-9.329228227821966e-18,-9.329228227821966e-18,-1.7969594807888233e-17,-1.7969594807888233e-17,-1.7636705954995804e-17,-5.235103049319649e-18,2.608678999901785e-17,-7.311288919476312e-17,-6.678114556536721e-17,4.649781056309825e-18,-6.595017915877962e-18,-4.6947191491078275e-18,9.267671346496105e-17,-5.705213798573047e-17,-7.780029464386514e-18,7.86828333857393e-17,1.1600337518331224e-17,2.799976662159954e-17,-9.506074644942914e-17,-2.1928108850440816e-18,-1.0000000000000002,6.239552379527904e-17,-2.1928108850440816e-18,-1.897491092951963e-17,-2.1928108850440816e-18,-6.678114556536721e-17,1.0856864704335579e-16,-4.5868998733972e-19,-2.1928108850440816e-18,1.1106519124222728e-17,1.0856864704335579e-16,1.78677489483463e-17,2.0040559802103468e-17,2.608678999901785e-17,-1.9230451589145933e-17,8.434338104994506e-17,3.118858591023295e-17,3.118858591023295e-17,1.621747066168546e-16,-7.118335259620109e-17,-5.3268335703259025e-17,2.0935313280191804e-16
Aus_26.To.Aus_22,-0.016423535601195492,-0.017361685867070115,-0.016393207649150913,-0.016393207649150913,-0.0028527682417709512,-0.015364782025896842,-0.013972123872058942,-0.014818115263959753,-0.014868658189934993,-0.015064498338772929,-0.015064498338772929,-0.015064498338772998,-0.015064498338772969,-0.015781179621845463,-0.015230435886247272,-0.013972123872058997,-0.013972123872059053,-0.015230435886247232,-0.015230435886247232,-0.014706550801920076,-0.014706550801920076,-0.015105512633877237,-0.01506449833877304,0.34697723333902214,0.3518519371776549,0.346977233339022,0.349159451399486,0.35283377254284476,0.3971237194916078,0.3482735180315699,0.36096354970614974,0.37023158266782547,0.22288568228622604,0.42538134641041575,0.6610447014874332,0.34697723333902186,0.346977233339022,0.3491594513994861,0.34697723333902186,0.3469772333390219,0.05634291791523996,0.3469772333390218,0.3469772333390219,0.21574162082200923,0.7658493180949525,0.3469772333390221,0.3507753562941115,0.21574162082200923,-0.023119476504490817,0.19023995610051642,0.34697723333902214,0.07460527495592205,0.35185193717765484,0.33979035254106926,0.33979035254106926,0.3511215425363022,0.3528337725428448,0.349590249147285,0.3536491615494553
Aus_7.To.Aus_2,-0.003573589947694818,-0.0037777216548354206,-0.003566990901838213,-0.003566990901838213,-0.0006207325973801809,-0.0033432162190625276,-0.003040188338831489,-0.00322426723678281,-0.0032352648499994483,-0.0032778776225616925,-0.0032778776225616925,-0.003277877622561748,-0.003277877622561735,-0.003433819990336802,-0.0033139839011363864,-0.003040188338831489,-0.003040188338831378,-0.0033139839011363994,-0.0033139839011363994,-0.0031999919741508257,-0.0031999919741508257,-0.003286801905143493,-0.0032778776225616795,-0.09759215104525207,0.47488075495160187,-0.09759215104525241,0.23843114120932737,0.38877065793556737,0.0270992805590908,-0.21128045826377032,0.1621118515189144,-0.03447378867973763,0.04849759838832631,0.004015661317488127,0.00015008507943632356,-0.09759215104525204,-0.09759215104525187,0.23843114120932743,-0.09759215104525182,-0.09759215104525192,0.012259630933003184,-0.09759215104525187,-0.09759215104525203,-0.06476997999597633,-0.0015690206994990925,-0.09759215104525214,0.26680210740578675,-0.06476997999597633,-0.005030556808145443,-0.05839198559737795,-0.09759215104525207,-0.029471624645321142,0.4748807549516016,0.07393483459651956,0.07393483459651956,0.27288021151175484,0.38877065793556753,0.2459947969547656,0.31725843811297527
Aus_18.To.Aus_26,0.12869392627913295,0.13604522042717404,0.12845627810644927,0.12845627810644927,0.02235413583973958,0.12039759119782832,0.10948479811026743,0.1161139403647603,0.1165099919670059,0.11804458465697552,0.11804458465697552,0.11804458465697559,0.11804458465697551,0.12366045997450724,0.11934486219892192,0.10948479811026748,0.10948479811026748,0.11934486219892187,0.11934486219892187,0.11523972734499725,0.11523972734499725,0.1183659704291205,0.11804458465697558,0.0016093863477244616,-0.02160158591408014,0.0016093863477245251,-0.05284912682725542,-0.026276609091174487,-0.0443307927432376,-0.004562891812782448,-0.019635777066139344,-0.006301720897717484,-0.24096445458860594,-0.016795518330553177,0.0677949206224766,0.0016093863477244339,0.0016093863477245251,-0.05284912682725538,0.0016093863477243903,0.0016093863477245488,-0.4415000217131572,0.0016093863477244577,0.0016093863477245726,0.0652787507216015,0.10541412756382182,0.0016093863477245251,-0.04468269037922203,0.0652787507216015,0.18116295279711297,0.07765096244182113,0.0016093863477244616,0.133751486581927,-0.021601585914080075,-0.10019854117527123,-0.10019854117527123,-0.04293313942765398,-0.02627660909117442,-0.05067196749005835,-0.030159095543998097
Aus_27.To.Aus_29,0.011106047436069974,0.011740450502983718,0.011085538839003851,0.011085538839003851,0.0019291205125719644,0.010390089087276956,0.00944833525945758,0.010020417955723913,0.010054596475323408,0.010187028981678677,0.010187028981678677,0.010187028981678677,0.010187028981678779,0.010671668618333116,0.010299240524821673,0.009448335259457636,0.009448335259457692,0.010299240524821746,0.010299240524821746,0.00994497499157295,0.009944974991573005,0.010214763978456838,0.010187028981678668,-0.36431452587678703,-0.3271280580160919,-0.3643145258767867,-0.28632115234835653,-0.31963816930474753,-0.25021517255537556,-0.3544258740420401,-0.32075302846614223,-0.33004720270161847,-0.15072144149713762,-0.2602891277465292,-0.14238328283080443,-0.36431452587678687,-0.3643145258767866,-0.28632115234835653,-0.3643145258767866,-0.3643145258767868,-0.03810063400768175,-0.364314525876787,-0.3643145258767869,-0.584183628360474,-0.08994799068222344,-0.3643145258767868,-0.29607366254783946,-0.584183628360474,0.015634027227200035,-0.6269085261730067,-0.36431452587678703,0.1793598100535405,-0.3271280580160921,-0.2297756016290123,-0.2297756016290123,-0.2981630088138955,-0.31963816930474737,-0.288921156496681,-0.31341800945667875
Aus_10.To.Aus_32,0.027529583037267942,0.029102136370056313,0.027478746488156985,0.027478746488156985,0.004781888754343338,0.02575487111317602,0.02342045913151869,0.02483853321968577,0.02492325466526062,0.025251527320453934,0.025251527320453934,0.02525152732045399,0.025251527320453982,0.02645284824018098,0.025529676411071237,0.023420459131518745,0.023420459131518745,0.02552967641107119,0.02552967641107119,0.024651525793495138,0.024651525793495138,0.025320276612336358,0.025251527320453927,0.28870824078420054,0.321020004806263,0.2887082407842005,0.36451939625216706,0.32752805815241787,0.35266110795302436,0.2973006079263995,0.31828342182771774,0.299721214630565,-0.3736071237833579,0.3143295258430632,0.19657201568176846,0.2887082407842003,0.2887082407842005,0.3645193962521673,0.2887082407842003,0.28870824078420027,-0.0944435519229185,0.2887082407842005,0.28870824078420054,0.20007475081752532,0.1442026912228292,0.28870824078420054,0.3531509811580593,0.20007475081752532,0.038753503731694255,0.18285151772648492,0.28870824078420054,0.10475453509762357,0.3210200048062632,0.43043404582992606,0.43043404582992606,0.35071544864981236,0.327528058152418,0.3614885943560442,0.3329328289938759
Aus_3.To.Aus_1,2.37013920409121e-16,2.767926096606914e-16,2.749627647202959e-16,2.749627647202959e-16,4.6781869853128516e-17,2.7730831754470176e-16,2.639633477937674e-16,2.7283826150374187e-16,3.2146626075068473e-16,2.6805783736608017e-16,2.6805783736608017e-16,2.6805783736608017e-16,2.7621131525889475e-16,2.4277279486086203e-16,2.272459569125905e-16,2.72116825686582e-16,2.0845219656250958e-16,9.991669866444572e-17,9.991669866444572e-17,2.820112054447457e-16,2.820112054447457e-16,2.0334665311498467e-16,2.7621131525889475e-16,1.0000000000000024,1.0847851757758618e-15,2.2531696499853536e-15,7.63263798899432e-16,1.0304384388460899e-15,9.539223188286166e-16,7.240467417723263e-16,1.0925803732532884e-15,9.125296387313866e-16,6.002795215055317e-16,9.144887275754506e-16,8.465401308232842e-16,1.0256656938947573e-15,1.5539788467497178e-15,1.0179223153957216e-15,2.2205607038078535e-15,1.670541182793331e-15,3.4170631169984917e-16,1.7112436708152742e-15,1.000000000000002,7.809505320335434e-16,6.722781432392758e-16,2.2531696499853536e-15,1.0682055032658935e-15,7.809505320335434e-16,3.130293276632185e-16,8.527308404623947e-16,1.0000000000000024,4.931159088686671e-16,1.0847851757758618e-15,7.564964570586615e-16,7.564964570586615e-16,1.1184507069472157e-15,1.2524830437711212e-15,1.0544214062500197e-15,1.0713045626373504e-15
Aus_12.To.Aus_11,-0.016423535601195683,-0.01736168586707033,-0.01639320764915114,-0.01639320764915114,-0.0028527682417710115,-0.01536478202589713,-0.01397212387205933,-0.014818115263960048,-0.014868658189935302,-0.015064498338773269,-0.015064498338773269,-0.015064498338773269,-0.015064498338773262,-0.015781179621845606,-0.015230435886247532,-0.013972123872059268,-0.013972123872059204,-0.01523043588624754,-0.01523043588624754,-0.014706550801920352,-0.01470655080192029,-0.015105512633877547,-0.015064498338773206,0.3469772333390216,0.35185193717765473,0.3469772333390214,0.34915945139948557,0.35283377254284437,0.3971237194916076,0.34827351803156936,0.3609635497061494,0.37023158266782485,0.2228856822862259,0.42538134641041536,-0.3389552985125671,0.3469772333390215,0.34697723333902164,0.3491594513994857,0.3469772333390213,0.34697723333902175,0.0563429179152399,0.3469772333390214,0.34697723333902136,0.21574162082200876,-0.23415068190504779,0.34697723333902153,0.350775356294111,0.21574162082200876,-0.02311947650449109,0.19023995610051572,0.3469772333390216,0.07460527495592154,0.35185193717765456,0.3397903525410691,0.3397903525410691,0.3511215425363017,0.35283377254284426,0.3495902491472844,0.35364916154945486
Cro_4.To.Cro_5,5.264475557942191e-17,-8.419782304128462e-18,2.432870512266314e-18,2.432870512266314e-18,-1.2384771015664044e-17,-4.374882314661068e-17,3.531562791373353e-17,5.324165092062518e-17,3.6905790090184414e-17,-1.0,4.866017161867072e-17,4.866017161867072e-17,1.7893671160041986e-17,-5.457484215264079e-17,-4.1707729132498666e-17,3.531562791373353e-17,5.06988781430479e-17,-1.094122867386993e-17,-1.094122867386993e-17,-1.5073872129565892e-17,-3.045712235888026e-17,7.40188269920349e-18,-7.77453810731593e-17,-2.1388874401000997e-17,8.626400944441987e-19,1.873902660094246e-17,-4.388590783152378e-18,-1.435920743091448e-17,-6.279515849344943e-18,-2.708909984133419e-17,4.825342474349926e-18,-6.7062072126290355e-18,-1.823917134896667e-18,-2.1292600928594743e-18,-1.1648497256706078e-17,3.3557763716280935e-18,1.873902660094246e-17,-1.2080215897809562e-17,1.1047401486285278e-17,1.873902660094246e-17,9.530795535189661e-18,1.1047401486285278e-17,-2.1388874401000997e-17,2.0343293153077717e-17,7.317089710607543e-18,1.873902660094246e-17,-3.235035544699739e-19,2.0343293153077717e-17,1.735400747995515e-17,8.365533509966036e-18,-2.1388874401000997e-17,1.383802061750706e-17,8.554265209101383e-18,-2.640358944474667e-17,-2.640358944474667e-17,-9.908736365578923e-18,-6.6675823162572945e-18,-4.091592553805422e-18,-1.0633358769288597e-17
Aus_14.To.Aus_16,-2.616522569837921e-18,-2.3045413091884297e-17,-1.477035004628304e-17,-1.477035004628304e-17,-6.711364955601099e-19,2.3335460755133877e-17,-2.0814175522307246e-17,2.6031537692509247e-17,-1.136544150379367e-17,-1.7254166760427985e-17,-1.7254166760427985e-17,-1.7254166760427985e-17,-2.2885217941320972e-17,3.104253547159125e-18,2.174218562219672e-17,-2.6445226703200233e-17,-2.6445226703200233e-17,-2.2506863247275134e-17,-2.2506863247275134e-17,6.016623445727438e-18,6.016623445727438e-18,-2.234834952796492e-18,-2.2885217941320972e-17,-0.083566457947385,1.6450577905847396e-16,-0.08356645794738421,5.627379183985214e-17,1.887617974625796e-16,-8.507304302594132e-17,4.4239998207335863e-16,1.7857439110357426e-16,2.0803731417416895e-16,-3.4395235216451596e-17,9.061615827641799e-17,5.269187386712882e-17,2.4398863079499716e-16,-0.6720465677073499,3.374958711628019e-17,-4.774173951659939e-16,-0.2703327905005146,2.686542149991628e-17,-4.3236898571885004e-16,-0.08356645794738506,3.1159748362425324e-16,-4.5912760222260857e-17,-0.0835664579473847,-2.3613450093999653e-17,3.1159748362425324e-16,-1.1510497324378434e-17,2.9341510582375423e-16,-0.083566457947385,-1.628843562272246e-17,1.870299837820459e-16,4.501719645476226e-17,4.501719645476226e-17,3.555124329084214e-16,1.887617974625796e-16,3.183699342797914e-16,1.348902590969263e-16
Aus_3.To.Aus_23,-2.7031636603297575e-17,9.558432025627283e-18,2.6589841253822323e-17,2.6589841253822323e-17,7.1829717059937385e-19,-2.744865048429632e-17,-1.9316548911338983e-17,-1.128320355525165e-17,1.2336881273227665e-17,-7.559344590640195e-18,-7.559344590640195e-18,-7.559344590640195e-18,-8.998193630596599e-18,7.124086395050748e-18,8.145282743885057e-18,-2.0755397951295386e-17,-1.9316548911338983e-17,1.1022980823797864e-17,1.1022980823797864e-17,-8.761303408826058e-18,-8.761303408826058e-18,-2.3674102603358576e-17,-8.998193630596599e-18,-1.5227160335346784e-16,-2.4043011709344774e-17,2.572852295376411e-16,-3.560901658219207e-17,-2.0476572642072188e-17,-5.966794062998562e-17,2.659866512667787e-17,-5.510671750305015e-17,1.7565949434516397e-17,7.789493823738691e-18,-5.0698738934007866e-17,2.1615245002327818e-17,1.0367090644842406e-17,1.6024201450995827e-16,-4.1364412742017684e-17,-5.96156035775748e-17,4.028824866606178e-17,-2.7477347729527747e-17,-4.810481125792357e-17,-1.6378239567311907e-16,1.0248107413086805e-16,1.2216988422380918e-18,0.9999999999999998,-9.390019674963084e-17,1.0248107413086805e-16,-1.364841428902852e-17,3.133697911258013e-17,-1.5227160335346784e-16,-3.352693439324917e-17,-2.4043011709344774e-17,-7.750733359878714e-17,-7.750733359878714e-17,2.846913699971487e-17,-2.0476572642072188e-17,-7.681938971332217e-17,1.0587090174981681e-16
Aus_13.To.Aus_25,0.011106047436070549,0.011740450502984275,0.01108553883900437,0.01108553883900437,0.001929120512572061,0.010390089087277435,0.009448335259458112,0.010020417955724371,0.010054596475323968,0.010187028981679313,0.010187028981679313,0.010187028981679258,0.010187028981679256,0.01067166861833379,0.010299240524822286,0.00944833525945811,0.009448335259458165,0.010299240524822232,0.010299240524822232,0.009944974991573477,0.009944974991573534,0.01021476397845743,0.010187028981679256,-0.36431452587678553,-0.32712805801609013,-0.36431452587678553,-0.28632115234835503,-0.31963816930474587,-0.25021517255537423,-0.3544258740420383,-0.3207530284661404,-0.33004720270161686,-0.1507214414971364,-0.2602891277465276,-0.14238328283080287,-0.3643145258767851,-0.3643145258767851,-0.2863211523483548,-0.3643145258767851,-0.3643145258767853,-0.038100634007681065,-0.3643145258767851,-0.36431452587678553,0.41581637163952906,-0.08994799068222217,-0.3643145258767853,-0.2960736625478379,0.41581637163952906,0.015634027227200885,0.37309147382699603,-0.36431452587678553,0.1793598100535417,-0.3271280580160901,-0.22977560162901087,-0.22977560162901087,-0.2981630088138942,-0.31963816930474576,-0.2889211564966793,-0.31341800945667714
Aus_16.To.Aus_13,-2.0904600322183997e-17,-2.6895511936275718e-17,1.0478508181826258e-17,1.0478508181826258e-17,-3.4839649136465994e-20,1.0730304485301833e-17,7.95866207382394e-18,-3.5018985859614257e-17,-3.187285206580036e-17,-9.785262711409228e-17,-9.785262711409228e-17,-4.234147588283445e-17,-4.1151316800427214e-17,-3.880416839282634e-18,-1.4055614145645406e-16,9.148821156231174e-18,-4.636233007502665e-17,-8.74253083900107e-17,-8.74253083900107e-17,-4.925851962443315e-17,-4.925851962443315e-17,-1.2586853728311939e-16,-4.1151316800427214e-17,-1.0000000000000007,-1.6576434994726037e-16,-1.0000000000000002,-2.172773204572966e-16,-2.906716990169886e-16,-2.8710947132021995e-16,-3.6959384898803913e-16,-1.789973548678288e-16,-1.5582025663966829e-16,-1.1307087582419568e-16,3.917393911961519e-17,-1.632024621977668e-16,-3.1912008287019244e-16,-1.0,-2.1251668412766766e-16,-1.0000000000000002,-0.9999999999999998,-5.28865737416299e-17,-1.0000000000000007,-1.0000000000000007,-4.756537248549964e-16,-7.231218066368388e-17,-1.0000000000000002,-1.3534071025694266e-16,-4.756537248549964e-16,-3.4400721432277573e-17,-5.438844320798756e-16,-1.0000000000000007,-8.397402324796776e-17,-1.705249862768893e-16,-2.4005203252438567e-16,-2.4005203252438567e-16,-2.6686304532500266e-16,-2.906716990169886e-16,-2.982964661101481e-16,-2.1446134906086158e-16
Slv_5.To.Slv_3,-0.029205078083711287,0.020684061089494884,-0.6871517050535134,-0.6871517050535134,-0.025338277968700803,-0.37690292636392225,-0.12410035743512615,-0.16639643549327596,-0.1609891748401098,-0.14003750434045434,-0.14003750434045434,-0.1400375043404544,-0.14003750434045428,-0.06336441056832291,-0.12228491970022719,-0.12410035743512615,-0.12410035743512615,-0.12228491970022724,-0.12228491970022724,-0.17833199549971981,-0.1783319954997197,-0.1356496502569117,-0.14003750434045428,0.017582879654338905,0.017357401141137124,0.017582879654338898,0.017053852931831523,0.017311986530182233,0.017136602645309935,0.017522920248632,0.017376497612033543,0.017506028728864517,0.015226442863193523,0.017404088757703058,0.018225826261461135,0.017582879654338954,0.017582879654338954,0.017053852931831523,0.017582879654338954,0.01758287965433901,0.013278378774825746,0.017582879654338954,0.017582879654339013,0.018201383414267587,0.018591270791457126,0.01758287965433901,0.017133184203597707,0.018201383414267587,0.01932711814406851,0.01832157087872302,0.01758287965433896,0.018866548600046926,0.01735740114113718,0.01659388617870519,0.01659388617870519,0.01715017987887065,0.01731198653018229,0.01707500252629132,0.017274270864374098
Aus_36.To.Aus_33,-0.002055637714638271,-0.002173060486163056,-0.0020518417425926744,-0.0020518417425926744,-0.0003570642845307789,-0.001923119733568846,-0.0017488088729755795,-0.0018546966582661363,-0.0018610228201453468,-0.0018855349840159947,-0.0018855349840159947,-0.0018855349840160472,-0.0018855349840159977,-0.0019752377806996108,-0.0019063044144934796,-0.001748808872975635,-0.001748808872975635,-0.0019063044144934766,-0.0019063044144934766,-0.0018407327882840041,-0.0018407327882840041,-0.001890668503003797,-0.0018855349840159977,-0.04258225041846137,-0.08896716182182227,-0.042582250418461406,0.15569594884176177,-0.0983097491737115,0.008818543102804563,-0.054916958865945845,-0.0758940393611131,-0.03766006198262312,0.0278972948143421,-0.007796450876656288,-0.005701449034665308,-0.042582250418461205,-0.042582250418461406,0.15569594884176177,-0.0425822504184612,-0.042582250418461184,0.00705211288432254,-0.042582250418461406,-0.04258225041846138,-0.02850877387293606,-0.00476975617656215,-0.042582250418461406,0.06148351985556763,-0.02850877387293606,-0.002893729401473303,-0.025774020146821716,-0.04258225041846137,-0.01337356007561375,-0.0889671618218227,0.04252956736689077,0.04252956736689077,0.47831930966726605,-0.09830974917371149,0.22653130129968982,-0.10606852756988071
Slv_7.To.Slv_5,-0.029205078083711148,0.020684061089495057,0.3128482949464865,0.3128482949464865,-0.02533827796870079,-0.3769029263639221,-0.12410035743512622,-0.16639643549327576,-0.1609891748401096,-0.14003750434045426,-0.14003750434045426,-0.14003750434045426,-0.14003750434045434,-0.06336441056832282,-0.122284919700227,-0.12410035743512612,-0.12410035743512603,-0.12228491970022713,-0.12228491970022713,-0.17833199549971962,-0.17833199549971965,-0.13564965025691156,-0.14003750434045428,0.017582879654339117,0.01735740114113737,0.01758287965433905,0.01705385293183164,0.017311986530182472,0.017136602645310053,0.017522920248632088,0.017376497612033637,0.01750602872886457,0.015226442863193648,0.017404088757703187,0.018225826261461416,0.017582879654339096,0.0175828796543391,0.01705385293183169,0.017582879654339044,0.0175828796543391,0.013278378774825865,0.01758287965433915,0.017582879654339054,0.018201383414267722,0.018591270791457365,0.0175828796543391,0.017133184203597905,0.018201383414267722,0.019327118144068723,0.018321570878723187,0.017582879654339117,0.018866548600047117,0.01735740114113737,0.01659388617870533,0.01659388617870533,0.017150179878870797,0.017311986530182472,0.01707500252629144,0.017274270864374292
Aus_14.To.Aus_17,5.881840860141554e-17,6.456850760257047e-17,2.974085110855176e-17,2.974085110855176e-17,2.86900806511522e-18,4.641738552603795e-17,-1.523198117579076e-20,7.296255623424305e-18,2.6760055843458922e-18,1.1020518817806352e-17,1.1020518817806352e-17,1.1020518817806352e-17,1.661604286191764e-17,3.05140906265416e-17,-8.629663986720644e-18,5.5802920629354974e-18,5.5495919250082036e-17,-1.982071207494322e-17,-1.982071207494322e-17,-1.0116871480153788e-17,-1.0116871480153788e-17,-2.059128647096038e-17,1.661604286191764e-17,0.0835664579473851,5.455585479028731e-16,0.08356645794738524,4.889579838206175e-16,3.452567364351371e-16,2.5071954001790014e-16,3.354961309073461e-16,4.230747793175402e-16,3.3090328076955996e-16,1.469300023944356e-16,1.958582710865314e-16,8.150713539372548e-17,3.282445038879528e-16,-0.3279534322926503,2.892954750720313e-16,2.5713719559943527e-16,0.27033279050051445,1.0443100042846701e-16,-1.8695201425062734e-16,0.08356645794738474,2.474784296880285e-16,8.775363932386232e-17,0.08356645794738483,3.3263014416788217e-16,2.474784296880285e-16,7.199225866970473e-17,2.5103336848434413e-16,0.0835664579473851,1.0277485340840843e-16,3.2351394297784183e-16,1.4484811424027712e-16,1.4484811424027712e-16,3.027220887127502e-16,3.452567364351371e-16,4.820811362013317e-16,3.381255080881007e-16
Aus_19.To.Aus_16,2.7656810900385275e-17,-1.4596739763630945e-18,1.1500250050003594e-17,1.1500250050003594e-17,-6.474273129159169e-19,-4.005289738071876e-18,-1.0670472465871705e-17,6.935372230959509e-18,1.3066141682938057e-17,4.415508778340914e-19,4.415508778340914e-19,4.415508778340914e-19,-7.534291331079124e-18,2.4690764988921297e-17,1.2743828614211708e-17,9.109260940843993e-18,9.109260940843993e-18,9.399374164092248e-19,9.399374164092248e-19,-1.6279054857522538e-18,-1.6279054857522538e-18,-2.4998666931103842e-18,-7.534291331079124e-18,-5.470986481074604e-18,1.9957767999252037e-16,-1.3308446182368605e-16,-7.59054796949189e-17,2.535122452555384e-16,-7.803758489476184e-19,4.747418987816725e-16,2.3181224802158635e-16,2.1564267410338489e-16,-6.715603017336206e-18,-2.6878468920205896e-17,-3.7915542560265864e-17,1.246372462726432e-16,1.8339127268376512e-16,-1.0780884853057176e-16,1.8339127268376512e-16,-1.9689119949499177e-16,-9.777992873674708e-18,-1.0000000000000004,-6.927772415238033e-17,1.5801950862633692e-16,3.362214818517951e-17,-1.9689119949499177e-16,7.139429151892483e-17,1.5801950862633692e-16,2.4857803141195018e-17,1.3553443189629742e-16,-5.470986481074604e-18,-4.863815959652987e-19,2.3148104882817323e-16,-1.9536144297258125e-17,-1.9536144297258125e-17,2.9316334288037483e-16,2.535122452555384e-16,1.2522424798007167e-16,1.894691596415926e-16
Aus_4.To.Aus_32,-0.006505300701623911,-0.006876898494633765,-0.0064932879138476386,-0.0064932879138476386,-0.0011299707745884102,-0.006085932391201446,-0.005534305732650284,-0.005869399742182481,-0.005889419605127515,-0.005966991151752915,-0.005966991151752915,-0.005966991151752915,-0.005966991151752877,-0.00625086591336469,-0.006032718390407382,-0.005534305732650284,-0.005534305732650284,-0.006032718390407365,-0.006032718390407365,-0.005825209478234053,-0.005825209478234053,-0.005983236759836151,-0.005966991151752905,-0.134756402624519,-0.2815467609392591,-0.13475640262451902,-0.5072823591298404,-0.31111244735493165,0.027907288441662893,-0.17379099852940394,-0.24017536941902107,-0.11917957424801798,0.08828418073710989,-0.02467276067029029,-0.018042887684618245,-0.13475640262451882,-0.1347564026245188,-0.5072823591298402,-0.13475640262451885,-0.1347564026245188,0.022317217945373835,-0.1347564026245188,-0.13475640262451866,-0.09021927616787417,-0.01509443905461052,-0.1347564026245186,-0.4455154024704663,-0.09021927616787417,-0.009157537717694241,-0.08156483516079722,-0.134756402624519,-0.04232216072101478,-0.2815467609392592,0.13458968108116984,0.13458968108116984,-0.43228264930003113,-0.31111244735493165,-0.4908153839348535,-0.33566598915119383
Aus_18.To.Aus_10,0.02752958303726796,0.02910213637005643,0.027478746488157204,0.027478746488157204,0.004781888754343353,0.02575487111317616,0.02342045913151882,0.024838533219685915,0.02492325466526071,0.025251527320454027,0.025251527320454027,0.02525152732045397,0.02525152732045399,0.026452848240181046,0.02552967641107129,0.023420459131518818,0.023420459131518818,0.025529676411071272,0.025529676411071272,0.024651525793495284,0.02465152579349526,0.025320276612336455,0.025251527320453993,0.288708240784201,0.3210200048062635,0.28870824078420093,0.36451939625216784,0.3275280581524185,0.35266110795302474,0.29730060792639995,0.318283421827718,0.29972121463056534,0.6263928762166429,0.31432952584306356,0.19657201568176874,0.2887082407842007,0.28870824078420093,0.36451939625216784,0.2887082407842009,0.288708240784201,-0.09444355192291824,0.28870824078420093,0.28870824078420104,0.20007475081752568,0.14420269122282928,0.28870824078420104,0.3531509811580598,0.20007475081752568,0.03875350373169437,0.18285151772648534,0.288708240784201,0.10475453509762403,0.32102000480626364,0.43043404582992667,0.43043404582992667,0.3507154486498128,0.32752805815241853,0.3614885943560445,0.3329328289938764
Aus_18.To.Slv_1,-0.1562235093164009,-0.16514735679723044,-0.15593502459460648,-0.15593502459460648,-0.027136024594082944,-0.14615246231100448,-0.13290525724178637,-0.14095247358444618,-0.14143324663226653,-0.14329611197742953,-0.14329611197742953,-0.14329611197742953,-0.1432961119774295,-0.15011330821468827,-0.14487453860999308,-0.13290525724178634,-0.13290525724178634,-0.14487453860999314,-0.14487453860999314,-0.13989125313849254,-0.13989125313849257,-0.14368624704145694,-0.14329611197742953,-0.29031762713192566,-0.2994184188921835,-0.2903176271319255,-0.3116702694249124,-0.30125144906124407,-0.30833031520978726,-0.2927377161136178,-0.29864764476157873,-0.29341949373284804,-0.38542842162803653,-0.2975340075125106,-0.2643669363042454,-0.29031762713192544,-0.2903176271319255,-0.3116702694249123,-0.29031762713192544,-0.29031762713192555,-0.46405642636392436,-0.2903176271319255,-0.2903176271319256,-0.26535350153912735,-0.24961681878665123,-0.2903176271319255,-0.30846829077883775,-0.26535350153912735,-0.2199164565288074,-0.2605024801683065,-0.29031762713192566,-0.23850602167955107,-0.2994184188921835,-0.3302355046546554,-0.3302355046546554,-0.30778230922215877,-0.3012514490612441,-0.3108166268659862,-0.3027737334498784
Slv_5.To.Slv_4,1.1581492017565874e-17,-1.266787230824117e-17,1.0000000000000002,1.5538679158942726e-17,3.1700284012764274e-18,1.7911313454414104e-17,-1.42050707197126e-19,-2.0288566633397116e-17,-1.416035890187186e-17,-2.21671647673036e-18,-2.21671647673036e-18,-2.21671647673036e-18,-1.8381563715443385e-17,2.5976814790425406e-18,1.9609458086437137e-18,-1.42050707197126e-19,-1.42050707197126e-19,-5.766206442633545e-18,-5.766206442633545e-18,3.210349515804935e-18,1.0937501767082194e-17,-2.6446848725107313e-17,5.510435774546899e-18,-2.0950408352797663e-18,-1.6917697945743446e-18,9.495687541636122e-18,9.65418170361386e-18,9.997744104510518e-18,5.818428165205024e-18,-7.05632126430261e-18,-9.101599123940775e-18,5.4815676444463665e-18,-7.807159970319716e-19,-1.013473860842226e-17,-5.284070703951002e-18,1.3359263667274751e-17,9.495687541636122e-18,9.65418170361386e-18,1.3359263667274751e-17,9.495687541636122e-18,-5.013972715871528e-18,9.495687541636122e-18,5.6321114159974925e-18,-1.1825040292462913e-17,2.108092901441143e-18,9.495687541636122e-18,1.2588831200229619e-17,-1.1825040292462913e-17,4.254340421754489e-18,-2.6798117163400157e-18,-2.0950408352797663e-18,-1.1416302133929204e-17,-1.6917697945743446e-18,4.705550431553477e-18,4.705550431553477e-18,3.206791011649331e-18,9.997744104510518e-18,-8.806461670534314e-18,-4.103960376832442e-18
Slv_6.To.Cro_10,0.1659135809998014,0.11826863932899255,0.16745381773875742,0.16745381773875742,-0.14488081645726936,0.2196834877767693,0.2904110875234063,0.24744653057842672,0.24487965526265018,0.2349337086402399,0.2349337086402399,0.2349337086402399,0.23493370864023985,0.198536300708246,0.22650639687794275,0.29041108752340633,0.29041108752340633,0.22650639687794272,0.22650639687794272,0.2531124483740802,0.2531124483740802,0.23285075480118644,0.23493370864023985,0.10053650698509332,0.09924725160923079,0.10053650698509328,0.0975116043622997,0.09898757705982521,0.09798475593420866,0.10019366728367984,0.09935644262443424,0.10009708387820362,0.08706272290817949,0.0995142050310404,0.10421278796572526,0.10053650698509324,0.10053650698509325,0.09751160436229972,0.10053650698509324,0.10053650698509328,0.07592395823038862,0.10053650698509327,0.10053650698509331,0.10407302710027372,0.10630234992968587,0.10053650698509328,0.09796520975088541,0.10407302710027372,0.1105098246983319,0.10476024262453892,0.10053650698509332,0.10787635088232833,0.09924725160923081,0.09488157722239482,0.09488157722239482,0.09806238870333132,0.09898757705982521,0.09763253485792611,0.09877192402838139
Aus_20.To.Aus_1,4.0758554809548896e-17,3.3649477390489944e-17,4.121994145522211e-17,4.121994145522211e-17,2.7719703309772008e-18,3.865113099965731e-17,2.145840800941201e-17,2.2669617723140297e-17,3.3157869071387714e-17,3.588102867077164e-17,3.588102867077164e-17,3.588102867077164e-17,4.005102635124424e-17,3.3349497862033877e-17,4.120165271155226e-17,1.1750617882070148e-17,1.1750617882070148e-17,2.315386722326521e-17,2.315386722326521e-17,1.1663469552369013e-17,2.971125504065607e-17,2.1493203329684804e-17,4.005102635124424e-17,4.987328252550859e-16,2.0532969282367873e-16,4.3645518669439333e-16,1.366413001948939e-16,1.4009680736054345e-16,1.4449750658134178e-16,1.3644688939097098e-16,1.4897980678440802e-16,1.9864539115196969e-16,9.753430684319561e-17,1.3747978102668813e-16,1.274118562130841e-16,2.1832182888613368e-16,3.2751640120813012e-16,1.366413001948939e-16,2.9616485186430125e-16,2.8805310664322527e-16,4.77371654805716e-17,2.9616485186430125e-16,-0.999999999999999,2.0153983882651517e-16,7.259945179725885e-17,2.9207290278809693e-16,1.5145601974145856e-16,2.0153983882651517e-16,6.771206148730313e-17,1.496304595539394e-16,5.763951462738208e-16,8.353536928792777e-17,1.331385508705305e-16,8.897821049572285e-17,8.897821049572285e-17,1.657009879733167e-16,1.9560795859180128e-16,1.385141740355395e-16,1.4032716837654913e-16
Cro_11.To.Cro_1,-8.225359032891398e-20,-3.4272447641062645e-20,-6.211553822650995e-20,-6.211553822650995e-20,-6.754138670134709e-21,-1.4964972672590775e-19,-2.5286050022412188e-20,-8.207307377454124e-20,-4.852006803862411e-20,-1.4609364895518857e-19,-1.4609364895518857e-19,-7.503937537917854e-20,-5.819521042744374e-20,-5.485732178084032e-20,-6.570108710083455e-20,-4.4153648772030045e-20,-0.9999999999999999,-1.3675536067684457e-19,-1.3675536067684457e-19,-4.870715752755481e-20,-1.1976143110356483e-19,-1.2565182279658266e-19,-1.2924948400345378e-19,-4.7360301807417226e-20,-8.121090942217883e-20,-3.0516136855682423e-20,-8.277809251519732e-20,-8.428061685248526e-20,-7.590378747364827e-20,-6.344642985349909e-20,-4.3218023484686784e-20,-6.464755190211614e-20,-6.374429580712923e-20,-7.982487738615458e-20,-4.199877734924194e-20,-7.630416300409024e-20,-2.2094054379815022e-20,-8.277809251519732e-20,-7.630416300409024e-20,-3.0516136855682423e-20,-2.5187421752939073e-20,-2.2094054379815022e-20,-3.4110825435448124e-21,-4.096488567278138e-20,1.0763825118028676e-20,-3.0516136855682423e-20,-8.099253266989125e-20,-4.096488567278138e-20,-3.526895653597341e-20,-2.579312933769069e-20,-4.7360301807417226e-20,-7.781785209629339e-20,-6.252793758590862e-20,-5.658036722059839e-20,-5.658036722059839e-20,-7.888943571055048e-20,-8.428061685248526e-20,-6.12927029818289e-20,-6.038138351026683e-20
