Line;LineType;FromBus;ToBus;Reactance;FlowLimitForw;FlowLimitBack;FOR
Rom_41.To.Rom_39;AC;Rom_41;Rom_39;2.73912567109;99.0;99.0;3
Slk_13.To.Slk_6;AC;Slk_13;Slk_6;3.86458494358;707.0;707.0;3
Cze_25.To.Cze_24;AC;Cze_25;Cze_24;4.00705241225;821.0;821.0;3
Fra_314.To.Fra_288;AC;Fra_314;Fra_288;4.13804518745;1000.0;1000.0;3
Cro_16.To.Cro_5;AC;Cro_16;Cro_5;4.23513467728;734.0;734.0;3
Rom_52.To.Rom_39;AC;Rom_52;Rom_39;4.87900078064;99.0;99.0;3
Pol_22.To.Pol_19;AC;Pol_22;Pol_19;5.01228008621;679.0;679.0;3
Cze_8.To.Cze_25;AC;Cze_8;Cze_25;5.13769009453;821.0;821.0;3
Pol_22.To.Pol_15;AC;Pol_22;Pol_15;5.31180282588;679.0;679.0;3
Fra_47.To.Fra_100;AC;Fra_47;Fra_100;5.36193029491;1000.0;1000.0;3
Rom_62.To.Rom_59;AC;Rom_62;Rom_59;5.57600089216;99.0;99.0;3
Rom_7.To.Rom_39;AC;Rom_7;Rom_39;5.78268663621;99.0;99.0;3
Rom_82.To.Rom_62;AC;Rom_82;Rom_62;5.78268663621;99.0;99.0;3
Rom_6.To.Rom_46;AC;Rom_6;Rom_46;5.89171036352;99.0;99.0;3
Pol_88.To.Pol_56;AC;Pol_88;Pol_56;6.07791892056;679.0;679.0;3
Pol_18.To.Pol_33;AC;Pol_18;Pol_33;6.22238815257;679.0;679.0;3
Fra_112.To.Fra_140;AC;Fra_112;Fra_140;6.30238860528;1000.0;1000.0;3
Cze_1.To.Cze_30;AC;Cze_1;Cze_30;6.30715862504;821.0;821.0;3
Pol_4.To.Pol_67;AC;Pol_4;Pol_67;6.33793890227;679.0;679.0;3
Rom_37.To.Rom_60;AC;Rom_37;Rom_60;6.50533437419;99.0;99.0;3
Fra_215.To.Fra_182;AC;Fra_215;Fra_182;6.57202944269;1000.0;1000.0;3
Fra_45.To.Fra_62;AC;Fra_45;Fra_62;6.63305916689;1000.0;1000.0;3
Fra_100.To.Fra_145;AC;Fra_100;Fra_145;6.65335994677;1000.0;1000.0;3
Pol_56.To.Pol_8;AC;Pol_56;Pol_8;6.7494600432;679.0;679.0;3
Cro_16.To.Cro_9;AC;Cro_16;Cro_9;6.77093912926;734.0;734.0;3
Pol_57.To.Pol_54;AC;Pol_57;Pol_54;6.80457267284;679.0;679.0;3
Fra_47.To.Fra_88;AC;Fra_47;Fra_88;6.85776985324;1000.0;1000.0;3
Cro_7.To.Cro_18;AC;Cro_7;Cro_18;6.91658597316;734.0;734.0;3
Fra_48.To.Fra_81;AC;Fra_48;Fra_81;6.9285664796;1000.0;1000.0;3
Pol_9.To.Pol_67;AC;Pol_9;Pol_67;7.1007597813;679.0;679.0;3
Cze_15.To.Cze_14;AC;Cze_15;Cze_14;7.22125938764;821.0;821.0;3
Rom_82.To.Rom_50;AC;Rom_82;Rom_50;7.26163677293;99.0;99.0;3
Pol_24.To.Pol_22;AC;Pol_24;Pol_22;7.27008360596;679.0;679.0;3
Pol_26.To.Pol_22;AC;Pol_26;Pol_22;7.3046018992;679.0;679.0;3
Hun_21.To.Hun_4;AC;Hun_21;Hun_4;7.36919675755;1053.0;1053.0;3
Pol_48.To.Pol_25;AC;Pol_48;Pol_25;7.41454734188;679.0;679.0;3
Rom_75.To.Rom_41;AC;Rom_75;Rom_41;7.43494423792;99.0;99.0;3
Rom_78.To.Rom_10;AC;Rom_78;Rom_10;7.43494423792;99.0;99.0;3
Fra_100.To.Fra_85;AC;Fra_100;Fra_85;7.46547219112;1000.0;1000.0;3
Fra_295.To.Fra_297;AC;Fra_295;Fra_297;7.64175454684;1000.0;1000.0;3
Fra_295.To.Fra_281;AC;Fra_295;Fra_281;7.82840144043;1000.0;1000.0;3
Slk_11.To.Cze_25;AC;Slk_11;Cze_25;7.9063883618;707.0;707.0;3
Fra_91.To.Fra_133;AC;Fra_91;Fra_133;7.94723039021;1000.0;1000.0;3
Fra_45.To.Fra_37;AC;Fra_45;Fra_37;8.03212851406;1000.0;1000.0;3
Pol_28.To.Pol_13;AC;Pol_28;Pol_13;8.15860324712;679.0;679.0;3
Rom_32.To.Rom_13;AC;Rom_32;Rom_13;8.21760210371;99.0;99.0;3
Pol_47.To.Pol_40;AC;Pol_47;Pol_40;8.25491167245;679.0;679.0;3
Fra_110.To.Fra_133;AC;Fra_110;Fra_133;8.25832025766;1000.0;1000.0;3
Fra_79.To.Fra_107;AC;Fra_79;Fra_107;8.34863917181;1000.0;1000.0;3
Pol_74.To.Pol_76;AC;Pol_74;Pol_76;8.3970106642;679.0;679.0;3
Pol_18.To.Pol_15;AC;Pol_18;Pol_15;8.5055711491;679.0;679.0;3
Fra_313.To.Fra_289;AC;Fra_313;Fra_289;8.50918992512;1000.0;1000.0;3
Pol_2.To.Pol_88;AC;Pol_2;Pol_88;8.55578370979;679.0;679.0;3
Fra_72.To.Fra_64;AC;Fra_72;Fra_64;8.5601780517;1000.0;1000.0;3
Fra_78.To.Fra_6;AC;Fra_78;Fra_6;8.60067085233;1000.0;1000.0;3
Ger_86.To.Ger_85;AC;Ger_86;Ger_85;8.63632438034;1149.0;1149.0;3
Fra_140.To.Fra_165;AC;Fra_140;Fra_165;8.66250866251;1000.0;1000.0;3
Fra_140.To.Fra_107;AC;Fra_140;Fra_107;8.6692674469;1000.0;1000.0;3
Rom_82.To.Rom_3;AC;Rom_82;Rom_3;8.67377916558;99.0;99.0;3
Fra_284.To.Fra_74;AC;Fra_284;Fra_74;8.68658790827;1000.0;1000.0;3
Hun_17.To.Hun_4;AC;Hun_17;Hun_4;8.71459694989;1053.0;1053.0;3
Fra_200.To.Fra_199;AC;Fra_200;Fra_199;8.73133676766;1000.0;1000.0;3
Cze_9.To.Cze_21;AC;Cze_9;Cze_21;8.75196919307;821.0;821.0;3
Fra_208.To.Fra_203;AC;Fra_208;Fra_203;8.87311446318;1000.0;1000.0;3
Fra_215.To.Fra_186;AC;Fra_215;Fra_186;8.91981090001;1000.0;1000.0;3
Rom_59.To.Rom_15;AC;Rom_59;Rom_15;8.92140244446;99.0;99.0;3
Rom_64.To.Rom_75;AC;Rom_64;Rom_75;8.92140244446;99.0;99.0;3
Fra_70.To.Fra_27;AC;Fra_70;Fra_27;8.97666068223;1000.0;1000.0;3
Pol_9.To.Pol_22;AC;Pol_9;Pol_22;9.01469395114;679.0;679.0;3
Pol_4.To.Pol_12;AC;Pol_4;Pol_12;9.04159132007;679.0;679.0;3
Pol_64.To.Pol_85;AC;Pol_64;Pol_85;9.0991810737;679.0;679.0;3
Fra_164.To.Fra_185;AC;Fra_164;Fra_185;9.19286633572;1000.0;1000.0;3
Pol_27.To.Pol_14;AC;Pol_27;Pol_14;9.19286633572;679.0;679.0;3
Slv_2.To.Cro_8;AC;Slv_2;Cro_8;9.2980009298;754.0;754.0;3
Fra_302.To.Fra_27;AC;Fra_302;Fra_27;9.32227090519;1000.0;1000.0;3
Cze_7.To.Cze_16;AC;Cze_7;Cze_16;9.39937964094;821.0;821.0;3
Rom_83.To.Rom_22;AC;Rom_83;Rom_22;9.46252838759;99.0;99.0;3
Fra_62.To.Fra_37;AC;Fra_62;Fra_37;9.57395883198;1000.0;1000.0;3
Pol_88.To.Pol_14;AC;Pol_88;Pol_14;9.58588957055;679.0;679.0;3
Fra_120.To.Fra_145;AC;Fra_120;Fra_145;9.59232613909;1000.0;1000.0;3
Fra_100.To.Fra_102;AC;Fra_100;Fra_102;9.66370313104;1000.0;1000.0;3
Pol_72.To.Pol_58;AC;Pol_72;Pol_58;9.7200622084;679.0;679.0;3
Fra_153.To.Fra_172;AC;Fra_153;Fra_172;9.72289742343;1000.0;1000.0;3
Slv_3.To.Aus_26;AC;Slv_3;Aus_26;9.74184120799;754.0;754.0;3
Rom_30.To.Rom_39;AC;Rom_30;Rom_39;9.75800156128;99.0;99.0;3
Fra_164.To.Fra_177;AC;Fra_164;Fra_177;9.76944118796;1000.0;1000.0;3
Fra_227.To.Fra_242;AC;Fra_227;Fra_242;9.77039570103;1000.0;1000.0;3
Fra_140.To.Fra_167;AC;Fra_140;Fra_167;9.78377849525;1000.0;1000.0;3
Ger_171.To.Ger_211;AC;Ger_171;Ger_211;9.78760888715;1149.0;1149.0;3
Fra_9.To.Fra_242;AC;Fra_9;Fra_242;9.84348853234;1000.0;1000.0;3
Fra_7.To.Fra_4;AC;Fra_7;Fra_4;9.89217528935;1000.0;1000.0;3
Pol_64.To.Pol_54;AC;Pol_64;Pol_54;9.93147283742;679.0;679.0;3
Ger_167.To.Ger_172;AC;Ger_167;Ger_172;9.99100809272;1149.0;1149.0;3
Fra_227.To.Fra_215;AC;Fra_227;Fra_215;10.016025641;1000.0;1000.0;3
Pol_36.To.Pol_54;AC;Pol_36;Pol_54;10.0492412823;679.0;679.0;3
Pol_65.To.Pol_48;AC;Pol_65;Pol_48;10.0826779593;679.0;679.0;3
Fra_46.To.Fra_33;AC;Fra_46;Fra_33;10.101010101;1000.0;1000.0;3
Fra_302.To.Fra_308;AC;Fra_302;Fra_308;10.104071941;1000.0;1000.0;3
Fra_167.To.Fra_187;AC;Fra_167;Fra_187;10.1286336473;1000.0;1000.0;3
Fra_199.To.Fra_182;AC;Fra_199;Fra_182;10.1729399797;1000.0;1000.0;3
Slk_5.To.Cze_4;AC;Slk_5;Cze_4;10.183299389;707.0;707.0;3
Rom_25.To.Rom_88;AC;Rom_25;Rom_88;10.1874490628;99.0;99.0;3
Pol_3.To.Pol_8;AC;Pol_3;Pol_8;10.2354145343;679.0;679.0;3
Rom_77.To.Rom_70;AC;Rom_77;Rom_70;10.3145951521;99.0;99.0;3
Fra_75.To.Fra_79;AC;Fra_75;Fra_79;10.3273778788;1000.0;1000.0;3
Cro_6.To.Cro_7;AC;Cro_6;Cro_7;10.3401923276;734.0;734.0;3
Fra_112.To.Fra_93;AC;Fra_112;Fra_93;10.371292263;1000.0;1000.0;3
Hun_23.To.Hun_4;AC;Hun_23;Hun_4;10.387451958;1053.0;1053.0;3
Rom_27.To.Rom_39;AC;Rom_27;Rom_39;10.4090767149;99.0;99.0;3
Rom_83.To.Rom_37;AC;Rom_83;Rom_37;10.4090767149;99.0;99.0;3
Fra_100.To.Fra_125;AC;Fra_100;Fra_125;10.4220948411;1000.0;1000.0;3
Fra_153.To.Fra_182;AC;Fra_153;Fra_182;10.4547830633;1000.0;1000.0;3
Fra_225.To.Fra_226;AC;Fra_225;Fra_226;10.5474106107;1000.0;1000.0;3
Fra_16.To.Fra_38;AC;Fra_16;Fra_38;10.5485232068;1000.0;1000.0;3
Pol_25.To.Pol_21;AC;Pol_25;Pol_21;10.5775333192;679.0;679.0;3
Fra_110.To.Fra_83;AC;Fra_110;Fra_83;10.6044538706;1000.0;1000.0;3
Fra_180.To.Fra_138;AC;Fra_180;Fra_138;10.6416941577;1000.0;1000.0;3
Cro_1.To.Cro_10;AC;Cro_1;Cro_10;10.6530307873;734.0;734.0;3
Fra_164.To.Fra_139;AC;Fra_164;Fra_139;10.7573149742;1000.0;1000.0;3
Fra_64.To.Fra_38;AC;Fra_64;Fra_38;10.7596298687;1000.0;1000.0;3
Cze_8.To.Cze_9;AC;Cze_8;Cze_9;10.7921433197;821.0;821.0;3
Fra_210.To.Fra_208;AC;Fra_210;Fra_208;10.7921433197;1000.0;1000.0;3
Fra_9.To.Fra_236;AC;Fra_9;Fra_236;10.7933081489;1000.0;1000.0;3
Fra_100.To.Fra_175;AC;Fra_100;Fra_175;10.8061378863;1000.0;1000.0;3
Fra_314.To.Fra_25;AC;Fra_314;Fra_25;10.889687466;1000.0;1000.0;3
Cze_24.To.Cze_21;AC;Cze_24;Cze_21;11.0815602837;821.0;821.0;3
Rom_16.To.Rom_20;AC;Rom_16;Rom_20;11.1520017843;99.0;99.0;3
Rom_67.To.Rom_3;AC;Rom_67;Rom_3;11.1520017843;99.0;99.0;3
Fra_45.To.Fra_29;AC;Fra_45;Fra_29;11.1706881144;1000.0;1000.0;3
Pol_59.To.Pol_58;AC;Pol_59;Pol_58;11.1831804965;679.0;679.0;3
Fra_117.To.Fra_108;AC;Fra_117;Fra_108;11.2764997745;1000.0;1000.0;3
Ger_142.To.Ger_98;AC;Ger_142;Ger_98;11.2803158488;1149.0;1149.0;3
Fra_271.To.Fra_254;AC;Fra_271;Fra_254;11.3314447592;1000.0;1000.0;3
Fra_257.To.Fra_127;AC;Fra_257;Fra_127;11.4077116131;1000.0;1000.0;3
Aus_13.To.Aus_9;AC;Aus_13;Aus_9;11.4429568601;1053.0;1053.0;3
Fra_226.To.Fra_199;AC;Fra_226;Fra_199;11.4626318203;1000.0;1000.0;3
Fra_297.To.Fra_31;AC;Fra_297;Fra_31;11.4757860913;1000.0;1000.0;3
Fra_285.To.Fra_74;AC;Fra_285;Fra_74;11.4863312658;1000.0;1000.0;3
Cze_22.To.Cze_21;AC;Cze_22;Cze_21;11.5127791849;821.0;821.0;3
Slk_15.To.Slk_8;AC;Slk_15;Slk_8;11.5207373272;707.0;707.0;3
Aus_35.To.Aus_4;AC;Aus_35;Aus_4;11.5393491807;1053.0;1053.0;3
Slk_5.To.Slk_8;AC;Slk_5;Slk_8;11.5513457318;707.0;707.0;3
Rom_20.To.Rom_46;AC;Rom_20;Rom_46;11.5647045218;99.0;99.0;3
Rom_36.To.Rom_27;AC;Rom_36;Rom_27;11.5647045218;99.0;99.0;3
Fra_8.To.Fra_159;AC;Fra_8;Fra_159;11.6171003717;1000.0;1000.0;3
Fra_156.To.Fra_153;AC;Fra_156;Fra_153;11.6482236459;1000.0;1000.0;3
Fra_61.To.Fra_31;AC;Fra_61;Fra_31;11.655011655;1000.0;1000.0;3
Pol_27.To.Pol_21;AC;Pol_27;Pol_21;11.7082308863;679.0;679.0;3
Pol_44.To.Pol_41;AC;Pol_44;Pol_41;11.7109731819;679.0;679.0;3
Hun_8.To.Hun_7;AC;Hun_8;Hun_7;11.8049817023;1053.0;1053.0;3
Fra_112.To.Fra_107;AC;Fra_112;Fra_107;11.8231260345;1000.0;1000.0;3
Fra_199.To.Fra_204;AC;Fra_199;Fra_204;11.8469375666;1000.0;1000.0;3
Fra_244.To.Fra_231;AC;Fra_244;Fra_231;11.8567702158;1000.0;1000.0;3
Fra_225.To.Fra_204;AC;Fra_225;Fra_204;11.862396204;1000.0;1000.0;3
Fra_307.To.Fra_148;AC;Fra_307;Fra_148;11.893434824;1000.0;1000.0;3
Pol_30.To.Pol_37;AC;Pol_30;Pol_37;11.9731800766;679.0;679.0;3
Fra_297.To.Fra_308;AC;Fra_297;Fra_308;12.0048019208;1000.0;1000.0;3
Pol_51.To.Pol_37;AC;Pol_51;Pol_37;12.04238921;679.0;679.0;3
Fra_80.To.Fra_76;AC;Fra_80;Fra_76;12.0889748549;1000.0;1000.0;3
Aus_25.To.Aus_27;AC;Aus_25;Aus_27;12.137395315;1053.0;1053.0;3
Fra_134.To.Fra_133;AC;Fra_134;Fra_133;12.1684108055;1000.0;1000.0;3
Ger_84.To.Ger_92;AC;Ger_84;Ger_92;12.1995852141;1149.0;1149.0;3
Pol_71.To.Pol_84;AC;Pol_71;Pol_84;12.2129946263;679.0;679.0;3
Fra_228.To.Fra_235;AC;Fra_228;Fra_235;12.2204570451;1000.0;1000.0;3
Fra_49.To.Fra_64;AC;Fra_49;Fra_64;12.3472033584;1000.0;1000.0;3
Fra_277.To.Fra_311;AC;Fra_277;Fra_311;12.396181976;1000.0;1000.0;3
Rom_59.To.Rom_18;AC;Rom_59;Rom_18;12.4038700074;99.0;99.0;3
Fra_232.To.Fra_217;AC;Fra_232;Fra_217;12.4254473161;1000.0;1000.0;3
Ger_185.To.Ger_17;AC;Ger_185;Ger_17;12.4300807955;1149.0;1149.0;3
Ger_133.To.Ger_131;AC;Ger_133;Ger_131;12.5078173859;1149.0;1149.0;3
Fra_296.To.Fra_127;AC;Fra_296;Fra_127;12.5817815803;1000.0;1000.0;3
Slk_25.To.Slk_8;AC;Slk_25;Slk_8;12.6262626263;707.0;707.0;3
Cro_2.To.Cro_14;AC;Cro_2;Cro_14;12.7275041364;734.0;734.0;3
Fra_177.To.Fra_188;AC;Fra_177;Fra_188;12.746972594;1000.0;1000.0;3
Fra_194.To.Fra_188;AC;Fra_194;Fra_188;12.8468653649;1000.0;1000.0;3
Cze_9.To.Cze_1;AC;Cze_9;Cze_1;12.8600823045;821.0;821.0;3
Fra_312.To.Fra_289;AC;Fra_312;Fra_289;12.95001295;1000.0;1000.0;3
Fra_80.To.Fra_153;AC;Fra_80;Fra_153;12.9634430905;1000.0;1000.0;3
Rom_28.To.Rom_36;AC;Rom_28;Rom_36;13.0106687484;99.0;99.0;3
Swi_14.To.Swi_13;AC;Swi_14;Swi_13;13.0514226051;1053.0;1053.0;3
Fra_72.To.Fra_84;AC;Fra_72;Fra_84;13.0582397493;1000.0;1000.0;3
Fra_92.To.Fra_91;AC;Fra_92;Fra_91;13.0975769483;1000.0;1000.0;3
Pol_17.To.Pol_5;AC;Pol_17;Pol_5;13.128528292;679.0;679.0;3
Fra_44.To.Fra_74;AC;Fra_44;Fra_74;13.150973172;1000.0;1000.0;3
Slk_6.To.Slk_25;AC;Slk_6;Slk_25;13.2187706543;707.0;707.0;3
Fra_140.To.Fra_162;AC;Fra_140;Fra_162;13.3084908171;1000.0;1000.0;3
Fra_45.To.Fra_53;AC;Fra_45;Fra_53;13.4408602151;1000.0;1000.0;3
Fra_127.To.Fra_55;AC;Fra_127;Fra_55;13.4879956838;1000.0;1000.0;3
Pol_40.To.Pol_37;AC;Pol_40;Pol_37;13.5538086202;679.0;679.0;3
Rom_2.To.Rom_50;AC;Rom_2;Rom_50;13.5758892207;99.0;99.0;3
Rom_44.To.Rom_71;AC;Rom_44;Rom_71;13.5777325187;99.0;99.0;3
Slv_3.To.Slv_2;AC;Slv_3;Slv_2;13.5795763172;754.0;754.0;3
Fra_110.To.Fra_123;AC;Fra_110;Fra_123;13.6017410229;1000.0;1000.0;3
Fra_237.To.Fra_232;AC;Fra_237;Fra_232;13.633265167;1000.0;1000.0;3
Pol_18.To.Pol_19;AC;Pol_18;Pol_19;13.6425648022;679.0;679.0;3
Fra_199.To.Fra_189;AC;Fra_199;Fra_189;13.6649357748;1000.0;1000.0;3
Pol_44.To.Pol_33;AC;Pol_44;Pol_33;13.7854976565;679.0;679.0;3
Fra_228.To.Fra_205;AC;Fra_228;Fra_205;13.8927479856;1000.0;1000.0;3
Fra_46.To.Fra_50;AC;Fra_46;Fra_50;13.9938427092;1000.0;1000.0;3
Pol_69.To.Pol_76;AC;Pol_69;Pol_76;14.0350877193;679.0;679.0;3
Fra_164.To.Fra_168;AC;Fra_164;Fra_168;14.0409997192;1000.0;1000.0;3
Pol_4.To.Pol_16;AC;Pol_4;Pol_16;14.1823854772;679.0;679.0;3
Fra_131.To.Fra_108;AC;Fra_131;Fra_108;14.1864094198;1000.0;1000.0;3
Rom_78.To.Rom_13;AC;Rom_78;Rom_13;14.194464159;99.0;99.0;3
Fra_174.To.Fra_175;AC;Fra_174;Fra_175;14.2065634323;1000.0;1000.0;3
Pol_17.To.Pol_11;AC;Pol_17;Pol_11;14.2146410803;679.0;679.0;3
Cze_28.To.Cze_26;AC;Cze_28;Cze_26;14.2633005277;821.0;821.0;3
Aus_6.To.Aus_11;AC;Aus_6;Aus_11;14.2694063927;1053.0;1053.0;3
Fra_228.To.Fra_209;AC;Fra_228;Fra_209;14.3348623853;1000.0;1000.0;3
Hun_24.To.Hun_21;AC;Hun_24;Hun_21;14.3513203215;1053.0;1053.0;3
Pol_21.To.Pol_11;AC;Pol_21;Pol_11;14.3719459615;679.0;679.0;3
Fra_209.To.Fra_235;AC;Fra_209;Fra_235;14.4362638949;1000.0;1000.0;3
Fra_62.To.Fra_53;AC;Fra_62;Fra_53;14.4446049401;1000.0;1000.0;3
Fra_15.To.Fra_303;AC;Fra_15;Fra_303;14.5074713477;1000.0;1000.0;3
Fra_237.To.Fra_175;AC;Fra_237;Fra_175;14.5369966565;1000.0;1000.0;3
Pol_64.To.Pol_57;AC;Pol_64;Pol_57;14.5878920496;679.0;679.0;3
Fra_240.To.Fra_242;AC;Fra_240;Fra_242;14.6006716309;1000.0;1000.0;3
Fra_306.To.Fra_286;AC;Fra_306;Fra_286;14.6220207633;1000.0;1000.0;3
Hun_6.To.Hun_7;AC;Hun_6;Hun_7;14.6220207633;1053.0;1053.0;3
Hun_15.To.Cro_1;AC;Hun_15;Cro_1;14.7340503905;1053.0;1053.0;3
Rom_59.To.Rom_71;AC;Rom_59;Rom_71;14.7340503905;99.0;99.0;3
Aus_3.To.Aus_16;AC;Aus_3;Aus_16;14.8060408647;1053.0;1053.0;3
Rom_20.To.Rom_2;AC;Rom_20;Rom_2;14.8698884758;99.0;99.0;3
Rom_69.To.Rom_22;AC;Rom_69;Rom_22;14.8698884758;99.0;99.0;3
Rom_73.To.Rom_80;AC;Rom_73;Rom_80;14.8698884758;99.0;99.0;3
Fra_132.To.Fra_153;AC;Fra_132;Fra_153;14.9276011345;1000.0;1000.0;3
Fra_257.To.Fra_250;AC;Fra_257;Fra_250;14.9835181301;1000.0;1000.0;3
Fra_45.To.Fra_40;AC;Fra_45;Fra_40;14.9880095923;1000.0;1000.0;3
Fra_167.To.Fra_173;AC;Fra_167;Fra_173;15.0693188668;1000.0;1000.0;3
Fra_110.To.Fra_6;AC;Fra_110;Fra_6;15.0875075438;1000.0;1000.0;3
Fra_187.To.Fra_195;AC;Fra_187;Fra_195;15.1103052282;1000.0;1000.0;3
Ger_159.To.Ger_48;AC;Ger_159;Ger_48;15.1975683891;1149.0;1149.0;3
Fra_185.To.Fra_188;AC;Fra_185;Fra_188;15.23229246;1000.0;1000.0;3
Fra_167.To.Fra_160;AC;Fra_167;Fra_160;15.2485513876;1000.0;1000.0;3
Ger_25.To.Ger_42;AC;Ger_25;Ger_42;15.2835090937;1149.0;1149.0;3
Fra_81.To.Fra_68;AC;Fra_81;Fra_68;15.3350713081;1000.0;1000.0;3
Ger_208.To.Ger_32;AC;Ger_208;Ger_32;15.3491941673;1149.0;1149.0;3
Pol_65.To.Pol_49;AC;Pol_65;Pol_49;15.3515505066;679.0;679.0;3
Pol_73.To.Pol_81;AC;Pol_73;Pol_81;15.4130702836;679.0;679.0;3
Fra_277.To.Fra_287;AC;Fra_277;Fra_287;15.479876161;1000.0;1000.0;3
Fra_126.To.Fra_167;AC;Fra_126;Fra_167;15.503875969;1000.0;1000.0;3
Fra_196.To.Fra_188;AC;Fra_196;Fra_188;15.5062800434;1000.0;1000.0;3
Swi_3.To.Swi_13;AC;Swi_3;Swi_13;15.5231294629;1053.0;1053.0;3
Pol_52.To.Pol_53;AC;Pol_52;Pol_53;15.5690487311;679.0;679.0;3
Rom_71.To.Rom_14;AC;Rom_71;Rom_14;15.5690487311;99.0;99.0;3
Rom_6.To.Rom_65;AC;Rom_6;Rom_65;15.612802498;99.0;99.0;3
Rom_20.To.Rom_81;AC;Rom_20;Rom_81;15.612802498;99.0;99.0;3
Rom_47.To.Rom_70;AC;Rom_47;Rom_70;15.612802498;99.0;99.0;3
Fra_291.To.Fra_314;AC;Fra_291;Fra_314;15.6445556946;1000.0;1000.0;3
Fra_281.To.Fra_267;AC;Fra_281;Fra_267;15.6764383132;1000.0;1000.0;3
Fra_175.To.Fra_182;AC;Fra_175;Fra_182;15.7035175879;1000.0;1000.0;3
Fra_269.To.Fra_257;AC;Fra_269;Fra_257;15.7282164203;1000.0;1000.0;3
Fra_164.To.Fra_154;AC;Fra_164;Fra_154;15.7529930687;1000.0;1000.0;3
Ger_17.To.Ger_28;AC;Ger_17;Ger_28;15.8052789632;1149.0;1149.0;3
Fra_190.To.Fra_178;AC;Fra_190;Fra_178;15.8252888115;1000.0;1000.0;3
Rom_14.To.Rom_33;AC;Rom_14;Rom_33;15.8679784195;99.0;99.0;3
Fra_63.To.Fra_83;AC;Fra_63;Fra_83;15.9184972939;1000.0;1000.0;3
Fra_219.To.Fra_199;AC;Fra_219;Fra_199;15.943877551;1000.0;1000.0;3
Fra_316.To.Fra_26;AC;Fra_316;Fra_26;15.9591445898;1000.0;1000.0;3
Pol_64.To.Pol_79;AC;Pol_64;Pol_79;15.9616919393;679.0;679.0;3
Pol_65.To.Pol_69;AC;Pol_65;Pol_69;15.9974404095;679.0;679.0;3
Fra_100.To.Fra_120;AC;Fra_100;Fra_120;16.0487883165;1000.0;1000.0;3
Hun_23.To.Hun_21;AC;Hun_23;Hun_21;16.0703197058;1053.0;1053.0;3
Fra_295.To.Fra_20;AC;Fra_295;Fra_20;16.1316341345;1000.0;1000.0;3
Pol_69.To.Pol_61;AC;Pol_69;Pol_61;16.2153397114;679.0;679.0;3
Pol_18.To.Pol_16;AC;Pol_18;Pol_16;16.2601626016;679.0;679.0;3
Fra_42.To.Fra_20;AC;Fra_42;Fra_20;16.2946064853;1000.0;1000.0;3
Pol_45.To.Pol_34;AC;Pol_45;Pol_34;16.2999185004;679.0;679.0;3
Fra_198.To.Fra_190;AC;Fra_198;Fra_190;16.3078930202;1000.0;1000.0;3
Fra_200.To.Fra_194;AC;Fra_200;Fra_194;16.3105529277;1000.0;1000.0;3
Fra_75.To.Fra_87;AC;Fra_75;Fra_87;16.3719711853;1000.0;1000.0;3
Pol_36.To.Pol_30;AC;Pol_36;Pol_30;16.3961305132;679.0;679.0;3
Rom_5.To.Rom_64;AC;Rom_5;Rom_64;16.4338537387;99.0;99.0;3
Rom_22.To.Rom_71;AC;Rom_22;Rom_71;16.4338537387;99.0;99.0;3
Fra_72.To.Fra_66;AC;Fra_72;Fra_66;16.4826108456;1000.0;1000.0;3
Ger_48.To.Ger_147;AC;Ger_48;Ger_147;16.501650165;1149.0;1149.0;3
Pol_21.To.Pol_2;AC;Pol_21;Pol_2;16.5672630881;679.0;679.0;3
Cro_5.To.Cro_18;AC;Cro_5;Cro_18;16.6361670271;734.0;734.0;3
Fra_284.To.Fra_263;AC;Fra_284;Fra_263;16.6417041105;1000.0;1000.0;3
Fra_125.To.Fra_145;AC;Fra_125;Fra_145;16.655562958;1000.0;1000.0;3
Cze_25.To.Aus_4;AC;Cze_25;Aus_4;16.6722240747;821.0;821.0;3
Ger_81.To.Ger_65;AC;Ger_81;Ger_65;16.6777851901;1149.0;1149.0;3
Bel_3.To.Fra_8;AC;Bel_3;Fra_8;16.7000668003;1945.0;1945.0;3
Ger_85.To.Ger_96;AC;Ger_85;Ger_96;16.719612105;1149.0;1149.0;3
Cro_3.To.Cro_14;AC;Cro_3;Cro_14;16.7392032139;734.0;734.0;3
Fra_241.To.Fra_231;AC;Fra_241;Fra_231;16.7560321716;1000.0;1000.0;3
Fra_72.To.Fra_86;AC;Fra_72;Fra_86;16.818028927;1000.0;1000.0;3
Ger_93.To.Ger_78;AC;Ger_93;Ger_78;16.8236877524;1149.0;1149.0;3
Slk_15.To.Cze_25;AC;Slk_15;Cze_25;16.8236877524;707.0;707.0;3
Pol_21.To.Pol_17;AC;Pol_21;Pol_17;16.8890390137;679.0;679.0;3
Pol_51.To.Pol_58;AC;Pol_51;Pol_58;16.8976005407;679.0;679.0;3
Fra_134.To.Fra_141;AC;Fra_134;Fra_141;16.9004563123;1000.0;1000.0;3
Fra_33.To.Fra_25;AC;Fra_33;Fra_25;16.9233372821;1000.0;1000.0;3
Pol_71.To.Pol_62;AC;Pol_71;Pol_62;16.9233372821;679.0;679.0;3
Fra_175.To.Fra_189;AC;Fra_175;Fra_189;16.9348010161;1000.0;1000.0;3
Aus_31.To.Hun_6;AC;Aus_31;Hun_6;17.0357751278;1053.0;1053.0;3
Fra_234.To.Fra_148;AC;Fra_234;Fra_148;17.0473917491;1000.0;1000.0;3
Hun_10.To.Hun_5;AC;Hun_10;Hun_5;17.0648464164;1053.0;1053.0;3
Pol_78.To.Pol_16;AC;Pol_78;Pol_16;17.1497170297;679.0;679.0;3
Fra_214.To.Fra_196;AC;Fra_214;Fra_196;17.2354360565;1000.0;1000.0;3
Fra_263.To.Fra_115;AC;Fra_263;Fra_115;17.2711571675;1000.0;1000.0;3
Fra_282.To.Fra_283;AC;Fra_282;Fra_283;17.2920629431;1000.0;1000.0;3
Pol_33.To.Pol_41;AC;Pol_33;Pol_41;17.3370319001;679.0;679.0;3
Rom_42.To.Rom_62;AC;Rom_42;Rom_62;17.3460537728;99.0;99.0;3
Rom_51.To.Rom_14;AC;Rom_51;Rom_14;17.3460537728;99.0;99.0;3
Fra_100.To.Fra_88;AC;Fra_100;Fra_88;17.4034110686;1000.0;1000.0;3
Pol_28.To.Pol_20;AC;Pol_28;Pol_20;17.4246384388;679.0;679.0;3
Fra_159.To.Fra_96;AC;Fra_159;Fra_96;17.4703004892;1000.0;1000.0;3
Fra_297.To.Fra_268;AC;Fra_297;Fra_268;17.4978127734;1000.0;1000.0;3
Fra_228.To.Fra_220;AC;Fra_228;Fra_220;17.5284837862;1000.0;1000.0;3
Fra_280.To.Fra_261;AC;Fra_280;Fra_261;17.5561797753;1000.0;1000.0;3
Rom_54.To.Rom_65;AC;Rom_54;Rom_65;17.5561797753;99.0;99.0;3
Ger_76.To.Cze_7;AC;Ger_76;Cze_7;17.6959830119;1149.0;1149.0;3
Cze_5.To.Cze_2;AC;Cze_5;Cze_2;17.7746178457;821.0;821.0;3
Fra_138.To.Fra_259;AC;Fra_138;Fra_259;17.9372197309;1000.0;1000.0;3
Fra_193.To.Fra_205;AC;Fra_193;Fra_205;17.9533213645;1000.0;1000.0;3
Fra_75.To.Fra_77;AC;Fra_75;Fra_77;18.0147721131;1000.0;1000.0;3
Pol_54.To.Pol_59;AC;Pol_54;Pol_59;18.115942029;679.0;679.0;3
Fra_236.To.Fra_243;AC;Fra_236;Fra_243;18.2648401826;1000.0;1000.0;3
Cze_4.To.Pol_95;AC;Cze_4;Pol_95;18.3083119736;821.0;821.0;3
Fra_175.To.Fra_158;AC;Fra_175;Fra_158;18.315018315;1000.0;1000.0;3
Rom_5.To.Rom_39;AC;Rom_5;Rom_39;18.3688464364;99.0;99.0;3
Ger_136.To.Ger_10;AC;Ger_136;Ger_10;18.5253797703;1149.0;1149.0;3
Fra_290.To.Fra_286;AC;Fra_290;Fra_286;18.6323830818;1000.0;1000.0;3
Pol_93.To.Pol_94;AC;Pol_93;Pol_94;18.7336080929;679.0;679.0;3
Cze_13.To.Cze_22;AC;Cze_13;Cze_22;18.7863986474;821.0;821.0;3
Fra_109.To.Swi_43;AC;Fra_109;Swi_43;18.793459876;10.0;10.0;3
Fra_192.To.Fra_178;AC;Fra_192;Fra_178;18.8075982697;1000.0;1000.0;3
Aus_13.To.Aus_7;AC;Aus_13;Aus_7;18.8182160331;1053.0;1053.0;3
Fra_100.To.Fra_52;AC;Fra_100;Fra_52;18.8501413761;1000.0;1000.0;3
Fra_164.To.Fra_174;AC;Fra_164;Fra_174;18.8501413761;1000.0;1000.0;3
Ger_142.To.Ger_149;AC;Ger_142;Ger_149;18.9429816253;1149.0;1149.0;3
Fra_116.To.Fra_74;AC;Fra_116;Fra_74;18.9429816253;1000.0;1000.0;3
Fra_119.To.Fra_129;AC;Fra_119;Fra_129;18.9573459716;1000.0;1000.0;3
Ger_91.To.Ger_103;AC;Ger_91;Ger_103;18.9717321191;1149.0;1149.0;3
Fra_277.To.Fra_252;AC;Fra_277;Fra_252;18.9861401177;1000.0;1000.0;3
Fra_42.To.Fra_36;AC;Fra_42;Fra_36;19.0730497807;1000.0;1000.0;3
Pol_46.To.Pol_48;AC;Pol_46;Pol_48;19.0766882869;679.0;679.0;3
Fra_280.To.Fra_287;AC;Fra_280;Fra_287;19.0803281816;1000.0;1000.0;3
Rom_12.To.Rom_39;AC;Rom_12;Rom_39;19.1901746306;99.0;99.0;3
Rom_31.To.Rom_65;AC;Rom_31;Rom_65;19.1901746306;99.0;99.0;3
Fra_312.To.Fra_305;AC;Fra_312;Fra_305;19.2159877018;1000.0;1000.0;3
Fra_73.To.Fra_85;AC;Fra_73;Fra_85;19.2289844634;1000.0;1000.0;3
Ger_124.To.Ger_226;AC;Ger_124;Ger_226;19.3386192226;1149.0;1149.0;3
Fra_216.To.Fra_230;AC;Fra_216;Fra_230;19.3798449612;1000.0;1000.0;3
Fra_70.To.Fra_310;AC;Fra_70;Fra_310;19.3873594416;1000.0;1000.0;3
Fra_108.To.Fra_104;AC;Fra_108;Fra_104;19.4174757282;1000.0;1000.0;3
Fra_173.To.Fra_186;AC;Fra_173;Fra_186;19.4287934719;1000.0;1000.0;3
Fra_217.To.Fra_213;AC;Fra_217;Fra_213;19.5083886071;1000.0;1000.0;3
Rom_4.To.Rom_10;AC;Rom_4;Rom_10;19.5160031226;99.0;99.0;3
Pol_74.To.Pol_57;AC;Pol_74;Pol_57;19.5198126098;679.0;679.0;3
Slk_9.To.Slk_14;AC;Slk_9;Slk_14;19.5427008013;707.0;707.0;3
Rom_21.To.Rom_85;AC;Rom_21;Rom_85;19.6463654224;99.0;99.0;3
Rom_70.To.Rom_12;AC;Rom_70;Rom_12;19.6463654224;99.0;99.0;3
Pol_75.To.Pol_85;AC;Pol_75;Pol_85;19.6502259776;679.0;679.0;3
Hun_15.To.Hun_14;AC;Hun_15;Hun_14;19.6850393701;1053.0;1053.0;3
Fra_110.To.Fra_105;AC;Fra_110;Fra_105;19.7550375346;1000.0;1000.0;3
Fra_246.To.Fra_244;AC;Fra_246;Fra_244;19.8570293884;1000.0;1000.0;3
Ger_88.To.Ger_105;AC;Ger_88;Ger_105;19.8886237072;1149.0;1149.0;3
Fra_291.To.Fra_282;AC;Fra_291;Fra_282;19.8965380024;1000.0;1000.0;3
Pol_32.To.Pol_31;AC;Pol_32;Pol_31;19.8965380024;679.0;679.0;3
Pol_85.To.Pol_86;AC;Pol_85;Pol_86;19.9163513244;679.0;679.0;3
Fra_41.To.Fra_58;AC;Fra_41;Fra_58;19.9322304166;1000.0;1000.0;3
Fra_39.To.Fra_26;AC;Fra_39;Fra_26;19.9720391452;1000.0;1000.0;3
Aus_4.To.Aus_24;AC;Aus_4;Aus_24;19.9960007998;1053.0;1053.0;3
Fra_223.To.Fra_318;AC;Fra_223;Fra_318;19.9960007998;1000.0;1000.0;3
Dnk_10.To.Dnk_2;AC;Dnk_10;Dnk_2;20.0;1149.0;1149.0;3
Dnk_11.To.Dnk_3;AC;Dnk_11;Dnk_3;20.0;1149.0;1149.0;3
Fra_169.To.Fra_150;AC;Fra_169;Fra_150;20.0080032013;1000.0;1000.0;3
Pol_65.To.Pol_73;AC;Pol_65;Pol_73;20.0722601365;679.0;679.0;3
Pol_74.To.Pol_53;AC;Pol_74;Pol_53;20.084354288;679.0;679.0;3
Rom_3.To.Rom_50;AC;Rom_3;Rom_50;20.1247735963;99.0;99.0;3
Pol_43.To.Pol_26;AC;Pol_43;Pol_26;20.1328769881;679.0;679.0;3
Pol_68.To.Pol_80;AC;Pol_68;Pol_80;20.1653559185;679.0;679.0;3
Fra_146.To.Fra_151;AC;Fra_146;Fra_151;20.1816347124;1000.0;1000.0;3
Cro_3.To.Cro_5;AC;Cro_3;Cro_5;20.2224469161;734.0;734.0;3
Fra_39.To.Fra_49;AC;Fra_39;Fra_49;20.2757502028;1000.0;1000.0;3
Fra_256.To.Fra_251;AC;Fra_256;Fra_251;20.3541624262;1000.0;1000.0;3
Fra_312.To.Fra_27;AC;Fra_312;Fra_27;20.3583061889;1000.0;1000.0;3
Fra_8.To.Fra_252;AC;Fra_8;Fra_252;20.3624516392;1000.0;1000.0;3
Cze_4.To.Cze_15;AC;Cze_4;Cze_15;20.3873598369;821.0;821.0;3
Fra_73.To.Fra_79;AC;Fra_73;Fra_79;20.4549265775;1000.0;1000.0;3
Dnk_9.To.Dnk_4;AC;Dnk_9;Dnk_4;20.4708290686;1149.0;1149.0;3
Fra_214.To.Fra_206;AC;Fra_214;Fra_206;20.5002050021;1000.0;1000.0;3
Pol_32.To.Pol_33;AC;Pol_32;Pol_33;20.5380981721;679.0;679.0;3
Fra_145.To.Fra_175;AC;Fra_145;Fra_175;20.5407329494;1000.0;1000.0;3
Pol_2.To.Pol_23;AC;Pol_2;Pol_23;20.6100577082;679.0;679.0;3
Rom_39.To.Rom_72;AC;Rom_39;Rom_72;20.6270627063;99.0;99.0;3
Fra_175.To.Fra_168;AC;Fra_175;Fra_168;20.6440957886;1000.0;1000.0;3
Rom_69.To.Rom_88;AC;Rom_69;Rom_88;20.8159866778;99.0;99.0;3
Fra_64.To.Fra_314;AC;Fra_64;Fra_314;20.8463623098;1000.0;1000.0;3
Ger_112.To.Ger_141;AC;Ger_112;Ger_141;20.9380234506;1149.0;1149.0;3
Ger_14.To.Ger_229;AC;Ger_14;Ger_229;20.9467951403;1149.0;1149.0;3
Rom_12.To.Rom_10;AC;Rom_12;Rom_10;20.9951711106;99.0;99.0;3
Cze_25.To.Cze_15;AC;Cze_25;Cze_15;21.0393435725;821.0;821.0;3
Ger_79.To.Ger_72;AC;Ger_79;Ger_72;21.0526315789;1149.0;1149.0;3
Hun_23.To.Hun_25;AC;Hun_23;Hun_25;21.0771357887;1053.0;1053.0;3
Fra_100.To.Fra_118;AC;Fra_100;Fra_118;21.1059518784;1000.0;1000.0;3
Fra_156.To.Fra_172;AC;Fra_156;Fra_172;21.1550666385;1000.0;1000.0;3
Rom_65.To.Rom_34;AC;Rom_65;Rom_34;21.1550666385;99.0;99.0;3
Rom_70.To.Rom_50;AC;Rom_70;Rom_50;21.1550666385;99.0;99.0;3
Rom_77.To.Rom_10;AC;Rom_77;Rom_10;21.1550666385;99.0;99.0;3
Pol_29.To.Pol_40;AC;Pol_29;Pol_40;21.1774671749;679.0;679.0;3
Ger_200.To.Ger_211;AC;Ger_200;Ger_211;21.3401621852;1149.0;1149.0;3
Fra_311.To.Fra_288;AC;Fra_311;Fra_288;21.4086919289;1000.0;1000.0;3
Fra_110.To.Fra_119;AC;Fra_110;Fra_119;21.4132762313;1000.0;1000.0;3
Fra_110.To.Fra_98;AC;Fra_110;Fra_98;21.5470803706;1000.0;1000.0;3
Pol_74.To.Pol_91;AC;Pol_74;Pol_91;21.616947687;679.0;679.0;3
Aus_25.To.Aus_21;AC;Aus_25;Aus_21;21.6403375893;1053.0;1053.0;3
Fra_251.To.Fra_267;AC;Fra_251;Fra_267;21.6919739696;1000.0;1000.0;3
Fra_42.To.Fra_71;AC;Fra_42;Fra_71;21.7391304348;1000.0;1000.0;3
Pol_44.To.Pol_7;AC;Pol_44;Pol_7;21.9106047327;679.0;679.0;3
Pol_3.To.Pol_7;AC;Pol_3;Pol_7;21.9394471259;679.0;679.0;3
Fra_118.To.Fra_132;AC;Fra_118;Fra_132;21.9587176109;1000.0;1000.0;3
Cze_27.To.Cze_22;AC;Cze_27;Cze_22;22.1729490022;821.0;821.0;3
Cro_14.To.Cro_10;AC;Cro_14;Cro_10;22.1926320462;734.0;734.0;3
Fra_92.To.Fra_89;AC;Fra_92;Fra_89;22.2419928826;1000.0;1000.0;3
Cro_5.To.Cro_7;AC;Cro_5;Cro_7;22.2518914108;734.0;734.0;3
Rom_74.To.Rom_10;AC;Rom_74;Rom_10;22.3015165031;99.0;99.0;3
Fra_64.To.Fra_60;AC;Fra_64;Fra_60;22.3114680946;1000.0;1000.0;3
Ger_88.To.Ger_70;AC;Ger_88;Ger_70;22.4215246637;1149.0;1149.0;3
Fra_247.To.Fra_148;AC;Fra_247;Fra_148;22.4315836698;1000.0;1000.0;3
Slk_20.To.Slk_24;AC;Slk_20;Slk_24;22.5326723749;707.0;707.0;3
Hun_15.To.Hun_11;AC;Hun_15;Hun_11;22.5580870742;1053.0;1053.0;3
Fra_133.To.Fra_150;AC;Fra_133;Fra_150;22.6039783002;1000.0;1000.0;3
Ger_208.To.Ger_206;AC;Ger_208;Ger_206;22.6142017187;1149.0;1149.0;3
Fra_244.To.Fra_241;AC;Fra_244;Fra_241;22.6860254083;1000.0;1000.0;3
Cro_15.To.Cro_14;AC;Cro_15;Cro_14;22.7324391907;734.0;734.0;3
Cze_6.To.Cze_31;AC;Cze_6;Cze_31;22.7738556138;821.0;821.0;3
Dnk_9.To.Ger_15;AC;Dnk_9;Ger_15;22.7998176015;1149.0;1149.0;3
Fra_77.To.Fra_79;AC;Fra_77;Fra_79;22.846698652;1000.0;1000.0;3
Fra_255.To.Ger_103;AC;Fra_255;Ger_103;22.9095074456;10.0;10.0;3
Rom_3.To.Hun_14;AC;Rom_3;Hun_14;22.920009168;99.0;99.0;3
Fra_176.To.Fra_188;AC;Fra_176;Fra_188;22.9779411765;1000.0;1000.0;3
Fra_304.To.Fra_282;AC;Fra_304;Fra_282;23.1107002542;1000.0;1000.0;3
Slk_4.To.Slk_22;AC;Slk_4;Slk_22;23.137436372;707.0;707.0;3
Cze_5.To.Cze_29;AC;Cze_5;Cze_29;23.2450023245;821.0;821.0;3
Pol_22.To.Pol_8;AC;Pol_22;Pol_8;23.2774674115;679.0;679.0;3
Fra_39.To.Fra_64;AC;Fra_39;Fra_64;23.3208955224;1000.0;1000.0;3
Ger_186.To.Ger_198;AC;Ger_186;Ger_198;23.3644859813;1149.0;1149.0;3
Pol_63.To.Pol_54;AC;Pol_63;Pol_54;23.3972859148;679.0;679.0;3
Pol_38.To.Pol_28;AC;Pol_38;Pol_28;23.4027615259;679.0;679.0;3
Pol_66.To.Pol_83;AC;Pol_66;Pol_83;23.4137204402;679.0;679.0;3
Fra_234.To.Fra_262;AC;Fra_234;Fra_262;23.5515779557;1000.0;1000.0;3
Fra_295.To.Fra_275;AC;Fra_295;Fra_275;23.6016049091;1000.0;1000.0;3
Net_7.To.Net_19;AC;Net_7;Net_19;23.646252069;3121.0;3121.0;3
Pol_3.To.Pol_45;AC;Pol_3;Pol_45;23.7191650854;679.0;679.0;3
Ger_189.To.Ger_119;AC;Ger_189;Ger_119;23.7755587256;1149.0;1149.0;3
Fra_18.To.Fra_311;AC;Fra_18;Fra_311;23.786869648;1000.0;1000.0;3
Pol_31.To.Pol_22;AC;Pol_31;Pol_22;23.786869648;679.0;679.0;3
Fra_236.To.Fra_4;AC;Fra_236;Fra_4;23.8038562247;1000.0;1000.0;3
Ger_52.To.Ger_47;AC;Ger_52;Ger_47;23.8663484487;1149.0;1149.0;3
Ger_171.To.Ger_176;AC;Ger_171;Ger_176;23.9120038259;1149.0;1149.0;3
Cze_5.To.Cze_15;AC;Cze_5;Cze_15;23.9291696578;821.0;821.0;3
Rom_2.To.Rom_35;AC;Rom_2;Rom_35;24.021138602;99.0;99.0;3
Rom_20.To.Rom_48;AC;Rom_20;Rom_48;24.021138602;99.0;99.0;3
Pol_31.To.Pol_35;AC;Pol_31;Pol_35;24.08477842;679.0;679.0;3
Fra_232.To.Fra_219;AC;Fra_232;Fra_219;24.1662638956;1000.0;1000.0;3
Ger_7.To.Ger_6;AC;Ger_7;Ger_6;24.2541838467;1149.0;1149.0;3
Fra_228.To.Fra_214;AC;Fra_228;Fra_214;24.2659548653;1000.0;1000.0;3
Fra_270.To.Fra_266;AC;Fra_270;Fra_266;24.2777373149;1000.0;1000.0;3
Aus_2.To.Aus_30;AC;Aus_2;Aus_30;24.289531212;1053.0;1053.0;3
Ger_88.To.Ger_90;AC;Ger_88;Ger_90;24.289531212;1149.0;1149.0;3
Ger_29.To.Ger_42;AC;Ger_29;Ger_42;24.3072435586;1149.0;1149.0;3
Fra_173.To.Fra_165;AC;Fra_173;Fra_165;24.3486729973;1000.0;1000.0;3
Fra_300.To.Fra_304;AC;Fra_300;Fra_304;24.3783520234;1000.0;1000.0;3
Fra_163.To.Fra_178;AC;Fra_163;Fra_178;24.4738130201;1000.0;1000.0;3
Fra_224.To.Fra_256;AC;Fra_224;Fra_256;24.5158126992;1000.0;1000.0;3
Cze_6.To.Cze_15;AC;Cze_6;Cze_15;24.6184145741;821.0;821.0;3
Ger_136.To.Ger_138;AC;Ger_136;Ger_138;24.7096614776;1149.0;1149.0;3
Fra_97.To.Fra_85;AC;Fra_97;Fra_85;24.7341083354;1000.0;1000.0;3
Cze_12.To.Cze_1;AC;Cze_12;Cze_1;24.7402276101;821.0;821.0;3
Aus_9.To.Aus_11;AC;Aus_9;Aus_11;24.8508946322;1053.0;1053.0;3
Pol_93.To.Pol_85;AC;Pol_93;Pol_85;24.9066002491;679.0;679.0;3
Swi_35.To.Swi_23;AC;Swi_35;Swi_23;24.931438544;1053.0;1053.0;3
Cze_9.To.Cze_10;AC;Cze_9;Cze_10;24.931438544;821.0;821.0;3
Aus_12.To.Aus_22;AC;Aus_12;Aus_22;24.9563264287;1053.0;1053.0;3
Slk_7.To.Slk_23;AC;Slk_7;Slk_23;25.0062515629;707.0;707.0;3
Fra_64.To.Fra_66;AC;Fra_64;Fra_66;25.0501002004;1000.0;1000.0;3
Pol_65.To.Pol_55;AC;Pol_65;Pol_55;25.0815149235;679.0;679.0;3
Ger_179.To.Ger_15;AC;Ger_179;Ger_15;25.0878073256;1149.0;1149.0;3
Fra_201.To.Fra_195;AC;Fra_201;Fra_195;25.0878073256;1000.0;1000.0;3
Swi_23.To.Swi_14;AC;Swi_23;Swi_14;25.1130085384;1053.0;1053.0;3
Fra_98.To.Fra_105;AC;Fra_98;Fra_105;25.1509054326;1000.0;1000.0;3
Cro_13.To.Cro_9;AC;Cro_13;Cro_9;25.1572327044;734.0;734.0;3
Bel_6.To.Bel_1;AC;Bel_6;Bel_1;25.1635631605;1945.0;1945.0;3
Slk_25.To.Slk_10;AC;Slk_25;Slk_10;25.4000508001;707.0;707.0;3
Fra_113.To.Fra_130;AC;Fra_113;Fra_130;25.406504065;1000.0;1000.0;3
Fra_167.To.Fra_201;AC;Fra_167;Fra_201;25.5167134473;1000.0;1000.0;3
Fra_10.To.Fra_50;AC;Fra_10;Fra_50;25.5556509842;1000.0;1000.0;3
Pol_55.To.Pol_53;AC;Pol_55;Pol_53;25.5819902788;679.0;679.0;3
Ger_167.To.Ger_183;AC;Ger_167;Ger_183;25.706940874;1149.0;1149.0;3
Net_21.To.Net_8;AC;Net_21;Net_8;25.7267815796;3121.0;3121.0;3
Ger_63.To.Ger_55;AC;Ger_63;Ger_55;25.7599175683;1149.0;1149.0;3
Cze_26.To.Aus_24;AC;Cze_26;Aus_24;25.7997936017;821.0;821.0;3
Pol_23.To.Pol_1;AC;Pol_23;Pol_1;25.7997936017;679.0;679.0;3
Hun_16.To.Hun_18;AC;Hun_16;Hun_18;25.8131130614;1053.0;1053.0;3
Fra_217.To.Fra_218;AC;Fra_217;Fra_218;25.8665287118;1000.0;1000.0;3
Fra_255.To.Fra_288;AC;Fra_255;Fra_288;25.9201658891;1000.0;1000.0;3
Fra_269.To.Fra_283;AC;Fra_269;Fra_283;25.9942812581;1000.0;1000.0;3
Rom_2.To.Rom_76;AC;Rom_2;Rom_76;26.0213374967;99.0;99.0;3
Slk_9.To.Slk_4;AC;Slk_9;Slk_4;26.1028452101;707.0;707.0;3
Ger_83.To.Ger_81;AC;Ger_83;Ger_81;26.1506276151;1149.0;1149.0;3
Fra_40.To.Fra_29;AC;Fra_40;Fra_29;26.2812089356;1000.0;1000.0;3
Fra_112.To.Fra_124;AC;Fra_112;Fra_124;26.2950302393;1000.0;1000.0;3
Pol_9.To.Pol_6;AC;Pol_9;Pol_6;26.4620269913;679.0;679.0;3
Fra_129.To.Fra_136;AC;Fra_129;Fra_136;26.525198939;1000.0;1000.0;3
Fra_89.To.Fra_91;AC;Fra_89;Fra_91;26.5392781316;1000.0;1000.0;3
Fra_302.To.Fra_305;AC;Fra_302;Fra_305;26.5674814028;1000.0;1000.0;3
Swi_15.To.Swi_9;AC;Swi_15;Swi_9;26.581605529;1053.0;1053.0;3
Pol_85.To.Pol_95;AC;Pol_85;Pol_95;26.5957446809;679.0;679.0;3
Fra_48.To.Fra_34;AC;Fra_48;Fra_34;26.6028198989;1000.0;1000.0;3
Hun_14.To.Hun_10;AC;Hun_14;Hun_10;26.6169816343;1053.0;1053.0;3
Rom_21.To.Rom_17;AC;Rom_21;Rom_17;26.6169816343;99.0;99.0;3
Fra_133.To.Fra_147;AC;Fra_133;Fra_147;26.6733062091;1000.0;1000.0;3
Bel_6.To.Net_5;AC;Bel_6;Net_5;26.7165375367;1945.0;1945.0;3
Slk_16.To.Cze_25;AC;Slk_16;Cze_25;26.7308206362;707.0;707.0;3
Fra_121.To.Fra_114;AC;Fra_121;Fra_114;26.7522739433;1000.0;1000.0;3
Cze_7.To.Cze_33;AC;Cze_7;Cze_33;26.9034167339;821.0;821.0;3
Fra_100.To.Fra_126;AC;Fra_100;Fra_126;26.9687162891;1000.0;1000.0;3
Ger_89.To.Ger_101;AC;Ger_89;Ger_101;26.9905533063;1149.0;1149.0;3
Ger_134.To.Ger_11;AC;Ger_134;Ger_11;27.041644132;1149.0;1149.0;3
Fra_98.To.Fra_86;AC;Fra_98;Fra_86;27.0562770563;1000.0;1000.0;3
Fra_315.To.Fra_303;AC;Fra_315;Fra_303;27.1296798698;1000.0;1000.0;3
Ger_196.To.Ger_209;AC;Ger_196;Ger_209;27.1444082519;1149.0;1149.0;3
Pol_49.To.Pol_39;AC;Pol_49;Pol_39;27.1517784415;679.0;679.0;3
Pol_74.To.Pol_84;AC;Pol_74;Pol_84;27.1517784415;679.0;679.0;3
Fra_275.To.Fra_259;AC;Fra_275;Fra_259;27.3224043716;1000.0;1000.0;3
Fra_213.To.Fra_207;AC;Fra_213;Fra_207;27.4122807018;1000.0;1000.0;3
Fra_167.To.Fra_162;AC;Fra_167;Fra_162;27.4273176083;1000.0;1000.0;3
Pol_50.To.Pol_54;AC;Pol_50;Pol_54;27.4348422497;679.0;679.0;3
Swi_34.To.Swi_26;AC;Swi_34;Swi_26;27.4574409665;1053.0;1053.0;3
Rom_59.To.Rom_88;AC;Rom_59;Rom_88;27.502750275;99.0;99.0;3
Pol_10.To.Pol_7;AC;Pol_10;Pol_7;27.5633958104;679.0;679.0;3
Fra_39.To.Fra_316;AC;Fra_39;Fra_316;27.5938189845;1000.0;1000.0;3
Swi_25.To.Swi_23;AC;Swi_25;Swi_23;27.6090557703;1053.0;1053.0;3
Hun_19.To.Hun_2;AC;Hun_19;Hun_2;27.616680475;1053.0;1053.0;3
Slk_13.To.Slk_22;AC;Slk_13;Slk_22;27.6778300581;707.0;707.0;3
Ger_157.To.Ger_163;AC;Ger_157;Ger_163;27.6854928018;1149.0;1149.0;3
Fra_212.To.Fra_224;AC;Fra_212;Fra_224;27.7238702523;1000.0;1000.0;3
Fra_133.To.Fra_155;AC;Fra_133;Fra_155;27.7315585136;1000.0;1000.0;3
Pol_28.To.Pol_16;AC;Pol_28;Pol_16;27.7469478357;679.0;679.0;3
Fra_17.To.Fra_20;AC;Fra_17;Fra_20;27.8241513634;1000.0;1000.0;3
Slk_2.To.Slk_13;AC;Slk_2;Slk_13;27.8629144609;707.0;707.0;3
Ger_77.To.Ger_62;AC;Ger_77;Ger_62;27.8940027894;1149.0;1149.0;3
Fra_131.To.Fra_139;AC;Fra_131;Fra_139;27.9173646008;1000.0;1000.0;3
Fra_42.To.Fra_27;AC;Fra_42;Fra_27;27.9329608939;1000.0;1000.0;3
Ger_153.To.Ger_147;AC;Ger_153;Ger_147;28.0347631063;1149.0;1149.0;3
Fra_73.To.Fra_70;AC;Fra_73;Fra_70;28.0741156654;1000.0;1000.0;3
Pol_35.To.Pol_33;AC;Pol_35;Pol_33;28.1056773468;679.0;679.0;3
Ger_33.To.Ger_20;AC;Ger_33;Ger_20;28.129395218;1149.0;1149.0;3
Swi_23.To.Swi_13;AC;Swi_23;Swi_13;28.1373100732;1053.0;1053.0;3
Fra_214.To.Fra_210;AC;Fra_214;Fra_210;28.2406099972;1000.0;1000.0;3
Swi_3.To.Ger_14;AC;Swi_3;Ger_14;28.3527076836;1053.0;1053.0;3
Fra_6.To.Swi_2;AC;Fra_6;Swi_2;28.3607487238;10.0;10.0;3
Pol_68.To.Pol_70;AC;Pol_68;Pol_70;28.3768444949;679.0;679.0;3
Hun_15.To.Hun_18;AC;Hun_15;Hun_18;28.3848992336;1053.0;1053.0;3
Rom_28.To.Rom_87;AC;Rom_28;Rom_87;28.3848992336;99.0;99.0;3
Rom_38.To.Rom_71;AC;Rom_38;Rom_71;28.3848992336;99.0;99.0;3
Rom_40.To.Rom_63;AC;Rom_40;Rom_63;28.3848992336;99.0;99.0;3
Rom_55.To.Rom_79;AC;Rom_55;Rom_79;28.3848992336;99.0;99.0;3
Rom_89.To.Rom_65;AC;Rom_89;Rom_65;28.3848992336;99.0;99.0;3
Fra_68.To.Fra_58;AC;Fra_68;Fra_58;28.4090909091;1000.0;1000.0;3
Slk_11.To.Slk_15;AC;Slk_11;Slk_15;28.4333238556;707.0;707.0;3
Rom_23.To.Rom_13;AC;Rom_23;Rom_13;28.4575981787;99.0;99.0;3
Fra_231.To.Fra_215;AC;Fra_231;Fra_215;28.5469597488;1000.0;1000.0;3
Hun_16.To.Hun_6;AC;Hun_16;Hun_6;28.6532951289;1053.0;1053.0;3
Aus_1.To.Aus_28;AC;Aus_1;Aus_28;28.7769784173;1053.0;1053.0;3
Fra_314.To.Fra_16;AC;Fra_314;Fra_16;28.801843318;1000.0;1000.0;3
Pol_3.To.Pol_6;AC;Pol_3;Pol_6;28.8350634371;679.0;679.0;3
Ger_146.To.Ger_4;AC;Ger_146;Ger_4;28.8433804442;1149.0;1149.0;3
Fra_154.To.Fra_147;AC;Fra_154;Fra_147;28.8683602771;1000.0;1000.0;3
Ger_176.To.Ger_190;AC;Ger_176;Ger_190;28.9268151577;1149.0;1149.0;3
Aus_6.To.Aus_32;AC;Aus_6;Aus_32;28.95193978;1053.0;1053.0;3
Ger_198.To.Ger_209;AC;Ger_198;Ger_209;29.0107339716;1149.0;1149.0;3
Cze_30.To.Cze_34;AC;Cze_30;Cze_34;29.0613193839;821.0;821.0;3
Fra_238.To.Fra_237;AC;Fra_238;Fra_237;29.0613193839;1000.0;1000.0;3
Fra_239.To.Fra_232;AC;Fra_239;Fra_232;29.1205591147;1000.0;1000.0;3
Ger_104.To.Ger_95;AC;Ger_104;Ger_95;29.1290416545;1149.0;1149.0;3
Cze_7.To.Cze_14;AC;Cze_7;Cze_14;29.2568753657;821.0;821.0;3
Swi_36.To.Swi_35;AC;Swi_36;Swi_35;29.5072292712;1053.0;1053.0;3
Ger_151.To.Ger_98;AC;Ger_151;Ger_98;29.5246530853;1149.0;1149.0;3
Fra_315.To.Fra_21;AC;Fra_315;Fra_21;29.5246530853;1000.0;1000.0;3
Pol_27.To.Pol_24;AC;Pol_27;Pol_24;29.7796307326;679.0;679.0;3
Fra_212.To.Fra_256;AC;Fra_212;Fra_256;29.7973778308;1000.0;1000.0;3
Cro_9.To.Cro_8;AC;Cro_9;Cro_8;29.8507462687;734.0;734.0;3
Fra_13.To.Fra_296;AC;Fra_13;Fra_296;29.8792438381;1000.0;1000.0;3
Fra_63.To.Fra_6;AC;Fra_63;Fra_6;29.9222022741;1000.0;1000.0;3
Pol_71.To.Pol_75;AC;Pol_71;Pol_75;30.0030003;679.0;679.0;3
Fra_109.To.Fra_113;AC;Fra_109;Fra_113;30.1386377336;1000.0;1000.0;3
Fra_34.To.Fra_19;AC;Fra_34;Fra_19;30.1659125189;1000.0;1000.0;3
Fra_93.To.Fra_87;AC;Fra_93;Fra_87;30.303030303;1000.0;1000.0;3
Ger_62.To.Ger_50;AC;Ger_62;Ger_50;30.3766707169;1149.0;1149.0;3
Swi_3.To.Swi_9;AC;Swi_3;Swi_9;30.5157155935;1053.0;1053.0;3
Swi_32.To.Swi_36;AC;Swi_32;Swi_36;30.5436774588;1053.0;1053.0;3
Cze_7.To.Cze_22;AC;Cze_7;Cze_22;30.5530094714;821.0;821.0;3
Rom_14.To.Rom_56;AC;Rom_14;Rom_56;30.5623471883;99.0;99.0;3
Rom_88.To.Rom_77;AC;Rom_88;Rom_77;30.5623471883;99.0;99.0;3
Pol_46.To.Pol_49;AC;Pol_46;Pol_49;30.5810397554;679.0;679.0;3
Ger_58.To.Ger_179;AC;Ger_58;Ger_179;30.599755202;1149.0;1149.0;3
Fra_161.To.Fra_171;AC;Fra_161;Fra_171;30.6842589751;1000.0;1000.0;3
Ger_172.To.Ger_188;AC;Ger_172;Ger_188;30.7692307692;1149.0;1149.0;3
Ger_206.To.Ger_32;AC;Ger_206;Ger_32;30.8832612724;1149.0;1149.0;3
Aus_2.To.Ger_106;AC;Aus_2;Ger_106;30.8928019771;1053.0;1053.0;3
Ger_181.To.Ger_183;AC;Ger_181;Ger_183;30.9119010819;1149.0;1149.0;3
Fra_215.To.Fra_201;AC;Fra_215;Fra_201;30.9143698457;1000.0;1000.0;3
Fra_277.To.Fra_282;AC;Fra_277;Fra_282;30.9491729558;1000.0;1000.0;3
Fra_64.To.Fra_91;AC;Fra_64;Fra_91;30.9501702259;1000.0;1000.0;3
Fra_313.To.Fra_310;AC;Fra_313;Fra_310;30.9693403531;1000.0;1000.0;3
Fra_316.To.Fra_19;AC;Fra_316;Fra_19;31.007751938;1000.0;1000.0;3
Fra_263.To.Fra_253;AC;Fra_263;Fra_253;31.0462589258;1000.0;1000.0;3
Pol_70.To.Pol_79;AC;Pol_70;Pol_79;31.0559006211;679.0;679.0;3
Ger_213.To.Ger_219;AC;Ger_213;Ger_219;31.0945273632;1149.0;1149.0;3
Ger_108.To.Ger_48;AC;Ger_108;Ger_48;31.1429461227;1149.0;1149.0;3
Fra_317.To.Fra_32;AC;Fra_317;Fra_32;31.1623558741;1000.0;1000.0;3
Ger_167.To.Ger_180;AC;Ger_167;Ger_180;31.1720698254;1149.0;1149.0;3
Cze_25.To.Cze_19;AC;Cze_25;Cze_19;31.1817898347;821.0;821.0;3
Fra_304.To.Fra_260;AC;Fra_304;Fra_260;31.1817898347;1000.0;1000.0;3
Rom_4.To.Rom_61;AC;Rom_4;Rom_61;31.2304809494;99.0;99.0;3
Rom_81.To.Rom_6;AC;Rom_81;Rom_6;31.2304809494;99.0;99.0;3
Cze_9.To.Cze_34;AC;Cze_9;Cze_34;31.3192710761;821.0;821.0;3
Fra_247.To.Fra_254;AC;Fra_247;Fra_254;31.4663310258;1000.0;1000.0;3
Fra_1.To.Fra_287;AC;Fra_1;Fra_287;31.5357931252;1000.0;1000.0;3
Pol_42.To.Pol_63;AC;Pol_42;Pol_63;31.6555872111;679.0;679.0;3
Bel_9.To.Bel_12;AC;Bel_9;Bel_12;31.7057704502;1945.0;1945.0;3
Rom_25.To.Rom_13;AC;Rom_25;Rom_13;31.7359568391;99.0;99.0;3
Rom_46.To.Rom_70;AC;Rom_46;Rom_70;31.7359568391;99.0;99.0;3
Swi_35.To.Swi_28;AC;Swi_35;Swi_28;31.8066157761;1053.0;1053.0;3
Cze_7.To.Cze_13;AC;Cze_7;Cze_13;31.9284802043;821.0;821.0;3
Fra_256.To.Fra_264;AC;Fra_256;Fra_264;32.0102432778;1000.0;1000.0;3
Fra_153.To.Fra_166;AC;Fra_153;Fra_166;32.041012496;1000.0;1000.0;3
Cro_5.To.Cro_6;AC;Cro_5;Cro_6;32.041012496;734.0;734.0;3
Hun_24.To.Slk_14;AC;Hun_24;Slk_14;32.1130378934;1053.0;1053.0;3
Fra_64.To.Fra_304;AC;Fra_64;Fra_304;32.1646831779;1000.0;1000.0;3
Fra_198.To.Fra_209;AC;Fra_198;Fra_209;32.3729362253;1000.0;1000.0;3
Pol_70.To.Pol_80;AC;Pol_70;Pol_80;32.3729362253;679.0;679.0;3
Swi_31.To.Swi_15;AC;Swi_31;Swi_15;32.4886289799;1053.0;1053.0;3
Fra_155.To.Fra_149;AC;Fra_155;Fra_149;32.5732899023;1000.0;1000.0;3
Ger_181.To.Ger_178;AC;Ger_181;Ger_178;32.5839035516;1149.0;1149.0;3
Pol_77.To.Pol_63;AC;Pol_77;Pol_63;32.605151614;679.0;679.0;3
Ger_88.To.Ger_92;AC;Ger_88;Ger_92;32.6157860404;1149.0;1149.0;3
Cze_17.To.Cze_16;AC;Cze_17;Cze_16;32.6904217064;821.0;821.0;3
Cro_16.To.Cro_2;AC;Cro_16;Cro_2;32.7868852459;734.0;734.0;3
Ger_159.To.Ger_152;AC;Ger_159;Ger_152;32.79763857;1149.0;1149.0;3
Fra_310.To.Fra_29;AC;Fra_310;Fra_29;32.8558280924;1000.0;1000.0;3
Fra_278.To.Fra_304;AC;Fra_278;Fra_304;32.8947368421;1000.0;1000.0;3
Pol_83.To.Pol_89;AC;Pol_83;Pol_89;33.00330033;679.0;679.0;3
Fra_176.To.Fra_170;AC;Fra_176;Fra_170;33.0141961043;1000.0;1000.0;3
Aus_3.To.Aus_17;AC;Aus_3;Aus_17;33.0906684315;1053.0;1053.0;3
Hun_15.To.Hun_9;AC;Hun_15;Hun_9;33.1345261763;1053.0;1053.0;3
Fra_130.To.Fra_136;AC;Fra_130;Fra_136;33.1785003318;1000.0;1000.0;3
Fra_221.To.Fra_215;AC;Fra_221;Fra_215;33.2115576221;1000.0;1000.0;3
Hun_16.To.Hun_11;AC;Hun_16;Hun_11;33.5008375209;1053.0;1053.0;3
Ger_91.To.Lux_2;AC;Ger_91;Lux_2;33.5120643432;1149.0;1149.0;3
Fra_197.To.Fra_194;AC;Fra_197;Fra_194;33.5683115139;1000.0;1000.0;3
Fra_198.To.Fra_193;AC;Fra_198;Fra_193;33.6134453782;1000.0;1000.0;3
Aus_36.To.Aus_5;AC;Aus_36;Aus_5;33.636057854;1053.0;1053.0;3
Swi_28.To.Swi_23;AC;Swi_28;Swi_23;33.7040781935;1053.0;1053.0;3
Fra_110.To.Fra_129;AC;Fra_110;Fra_129;33.7040781935;1000.0;1000.0;3
Fra_14.To.Fra_1;AC;Fra_14;Fra_1;33.7154416723;1000.0;1000.0;3
Ger_58.To.Ger_27;AC;Ger_58;Ger_27;33.7495781303;1149.0;1149.0;3
Hun_8.To.Hun_9;AC;Hun_8;Hun_9;33.7495781303;1053.0;1053.0;3
Slk_20.To.Slk_13;AC;Slk_20;Slk_13;33.9097999322;707.0;707.0;3
Slv_6.To.Slv_1;AC;Slv_6;Slv_1;34.0715502555;754.0;754.0;3
Slv_3.To.Slv_1;AC;Slv_3;Slv_1;34.2231348392;754.0;754.0;3
Pol_69.To.Pol_81;AC;Pol_69;Pol_81;34.2935528121;679.0;679.0;3
Rom_33.To.Rom_45;AC;Rom_33;Rom_45;34.3760742523;99.0;99.0;3
Rom_53.To.Rom_54;AC;Rom_53;Rom_54;34.3760742523;99.0;99.0;3
Rom_77.To.Rom_71;AC;Rom_77;Rom_71;34.3760742523;99.0;99.0;3
Ger_160.To.Ger_4;AC;Ger_160;Ger_4;34.4589937974;1149.0;1149.0;3
Cze_21.To.Cze_20;AC;Cze_21;Cze_20;34.4827586207;821.0;821.0;3
Ger_206.To.Ger_221;AC;Ger_206;Ger_221;34.4946533287;1149.0;1149.0;3
Ger_154.To.Ger_149;AC;Ger_154;Ger_149;34.51846738;1149.0;1149.0;3
Slk_2.To.Slk_22;AC;Slk_2;Slk_22;34.5423143351;707.0;707.0;3
Fra_271.To.Fra_278;AC;Fra_271;Fra_278;34.5781466113;1000.0;1000.0;3
Fra_73.To.Fra_61;AC;Fra_73;Fra_61;34.6981263012;1000.0;1000.0;3
Rom_8.To.Rom_55;AC;Rom_8;Rom_55;34.6981263012;99.0;99.0;3
Hun_12.To.Hun_8;AC;Hun_12;Hun_8;34.8675034868;1053.0;1053.0;3
Fra_193.To.Fra_192;AC;Fra_193;Fra_192;35.1493848858;1000.0;1000.0;3
Hun_11.To.Hun_9;AC;Hun_11;Hun_9;35.1617440225;1053.0;1053.0;3
Fra_175.To.Fra_153;AC;Fra_175;Fra_153;35.1741118537;1000.0;1000.0;3
Swi_5.To.Swi_31;AC;Swi_5;Swi_31;35.3356890459;1053.0;1053.0;3
Ger_167.To.Ger_120;AC;Ger_167;Ger_120;35.3481795688;1149.0;1149.0;3
Fra_264.To.Fra_268;AC;Fra_264;Fra_268;35.3982300885;1000.0;1000.0;3
Fra_135.To.Fra_130;AC;Fra_135;Fra_130;35.4358610914;1000.0;1000.0;3
Ger_159.To.Ger_165;AC;Ger_159;Ger_165;35.4484225452;1149.0;1149.0;3
Fra_175.To.Fra_181;AC;Fra_175;Fra_181;35.5492356914;1000.0;1000.0;3
Aus_36.To.Aus_24;AC;Aus_36;Aus_24;35.5618776671;1053.0;1053.0;3
Fra_80.To.Fra_100;AC;Fra_80;Fra_100;35.5646182076;1000.0;1000.0;3
Ger_161.To.Ger_167;AC;Ger_161;Ger_167;35.6760613628;1149.0;1149.0;3
Fra_301.To.Fra_313;AC;Fra_301;Fra_313;35.6760613628;1000.0;1000.0;3
Ger_198.To.Ger_205;AC;Ger_198;Ger_205;35.7142857143;1149.0;1149.0;3
Cro_10.To.Cro_8;AC;Cro_10;Cro_8;35.7270453733;734.0;734.0;3
Fra_8.To.Fra_95;AC;Fra_8;Fra_95;35.7525920629;1000.0;1000.0;3
Pol_71.To.Pol_87;AC;Pol_71;Pol_87;35.7525920629;679.0;679.0;3
Ger_32.To.Ger_36;AC;Ger_32;Ger_36;36.0100828232;1149.0;1149.0;3
Fra_102.To.Fra_104;AC;Fra_102;Fra_104;36.023054755;1000.0;1000.0;3
Fra_109.To.Fra_5;AC;Fra_109;Fra_5;36.036036036;1000.0;1000.0;3
Swi_27.To.Swi_15;AC;Swi_27;Swi_15;36.0490266763;1053.0;1053.0;3
Pol_27.To.Pol_39;AC;Pol_27;Pol_39;36.0620266859;679.0;679.0;3
Cze_9.To.Cze_11;AC;Cze_9;Cze_11;36.2187613184;821.0;821.0;3
Swi_16.To.Swi_13;AC;Swi_16;Swi_13;36.2450163103;1053.0;1053.0;3
Fra_111.To.Fra_107;AC;Fra_111;Fra_107;36.2713093943;1000.0;1000.0;3
Fra_285.To.Fra_223;AC;Fra_285;Fra_223;36.3108206245;1000.0;1000.0;3
Fra_145.To.Fra_153;AC;Fra_145;Fra_153;36.3504180298;1000.0;1000.0;3
Fra_129.To.Fra_146;AC;Fra_129;Fra_146;36.3513290408;1000.0;1000.0;3
Swi_34.To.Swi_22;AC;Swi_34;Swi_22;36.3768643143;1053.0;1053.0;3
Aus_32.To.Aus_31;AC;Aus_32;Aus_31;36.4166059723;1053.0;1053.0;3
Fra_32.To.Fra_23;AC;Fra_32;Fra_23;36.4166059723;1000.0;1000.0;3
Slk_12.To.Slk_15;AC;Slk_12;Slk_15;36.4166059723;707.0;707.0;3
Fra_94.To.Fra_108;AC;Fra_94;Fra_108;36.6032210835;1000.0;1000.0;3
Swi_7.To.Swi_37;AC;Swi_7;Swi_37;36.6703337;1053.0;1053.0;3
Fra_197.To.Fra_209;AC;Fra_197;Fra_209;36.7917586461;1000.0;1000.0;3
Pol_28.To.Pol_30;AC;Pol_28;Pol_30;36.9412633912;679.0;679.0;3
Aus_32.To.Hun_6;AC;Aus_32;Hun_6;36.9685767098;1053.0;1053.0;3
Ger_86.To.Ger_63;AC;Ger_86;Ger_63;37.0096225019;1149.0;1149.0;3
Bel_5.To.Fra_43;AC;Bel_5;Fra_43;37.0507595406;1945.0;1945.0;3
Fra_211.To.Fra_4;AC;Fra_211;Fra_4;37.0681002222;1000.0;1000.0;3
Bel_17.To.Bel_12;AC;Bel_17;Bel_12;37.2023809524;1945.0;1945.0;3
Fra_155.To.Fra_171;AC;Fra_155;Fra_171;37.4911800946;1000.0;1000.0;3
Ger_189.To.Ger_211;AC;Ger_189;Ger_211;37.5798571965;1149.0;1149.0;3
Fra_225.To.Fra_242;AC;Fra_225;Fra_242;37.6081233546;1000.0;1000.0;3
Slk_19.To.Slk_25;AC;Slk_19;Slk_25;37.6364320662;707.0;707.0;3
Dnk_2.To.Dnk_4;AC;Dnk_2;Dnk_4;37.6931775349;1149.0;1149.0;3
Fra_111.To.Fra_124;AC;Fra_111;Fra_124;38.0083618396;1000.0;1000.0;3
Ger_105.To.Ger_109;AC;Ger_105;Ger_109;38.08073115;1149.0;1149.0;3
Cze_6.To.Slk_23;AC;Cze_6;Slk_23;38.0952380952;821.0;821.0;3
Ger_63.To.Ger_64;AC;Ger_63;Ger_64;38.1242851697;1149.0;1149.0;3
Ger_93.To.Ger_104;AC;Ger_93;Ger_104;38.3435582822;1149.0;1149.0;3
Ger_144.To.Ger_120;AC;Ger_144;Ger_120;38.3435582822;1149.0;1149.0;3
Ger_195.To.Ger_218;AC;Ger_195;Ger_218;38.4024577573;1149.0;1149.0;3
Ger_39.To.Ger_29;AC;Ger_39;Ger_29;38.4172109105;1149.0;1149.0;3
Fra_298.To.Fra_290;AC;Fra_298;Fra_290;38.5951370127;1000.0;1000.0;3
Ger_143.To.Ger_211;AC;Ger_143;Ger_211;38.6249517188;1149.0;1149.0;3
Fra_111.To.Fra_101;AC;Fra_111;Fra_101;38.6697602475;1000.0;1000.0;3
Ger_5.To.Net_6;AC;Ger_5;Net_6;38.8198757764;1149.0;1149.0;3
Swi_7.To.Swi_46;AC;Swi_7;Swi_46;38.8802488336;1053.0;1053.0;3
Fra_236.To.Fra_242;AC;Fra_236;Fra_242;38.8953714508;1000.0;1000.0;3
Ger_132.To.Ger_6;AC;Ger_132;Ger_6;38.9105058366;1149.0;1149.0;3
Hun_22.To.Hun_21;AC;Hun_22;Hun_21;39.029203403;1053.0;1053.0;3
Rom_22.To.Rom_44;AC;Rom_22;Rom_44;39.0320062451;99.0;99.0;3
Rom_29.To.Rom_11;AC;Rom_29;Rom_11;39.0320062451;99.0;99.0;3
Rom_60.To.Rom_14;AC;Rom_60;Rom_14;39.0320062451;99.0;99.0;3
Rom_81.To.Rom_68;AC;Rom_81;Rom_68;39.0320062451;99.0;99.0;3
Aus_36.To.Aus_8;AC;Aus_36;Aus_8;39.1083300743;1053.0;1053.0;3
Ger_182.To.Ger_203;AC;Ger_182;Ger_203;39.169604387;1149.0;1149.0;3
Dnk_9.To.Dnk_7;AC;Dnk_9;Dnk_7;39.2156862745;1149.0;1149.0;3
Pol_36.To.Pol_28;AC;Pol_36;Pol_28;39.2927308448;679.0;679.0;3
Fra_122.To.Fra_118;AC;Fra_122;Fra_118;39.3855848759;1000.0;1000.0;3
Hun_11.To.Hun_6;AC;Hun_11;Hun_6;39.4321766562;1053.0;1053.0;3
Pol_44.To.Pol_35;AC;Pol_44;Pol_35;39.5569620253;679.0;679.0;3
Fra_255.To.Fra_261;AC;Fra_255;Fra_261;39.5882818686;1000.0;1000.0;3
Pol_91.To.Pol_94;AC;Pol_91;Pol_94;39.6196513471;679.0;679.0;3
Cze_25.To.Cze_17;AC;Cze_25;Cze_17;39.6825396825;821.0;821.0;3
Ger_86.To.Ger_99;AC;Ger_86;Ger_99;39.7614314115;1149.0;1149.0;3
Fra_133.To.Fra_123;AC;Fra_133;Fra_123;39.7614314115;1000.0;1000.0;3
Ger_200.To.Ger_147;AC;Ger_200;Ger_147;39.8089171975;1149.0;1149.0;3
Ger_156.To.Ger_171;AC;Ger_156;Ger_171;39.8724082935;1149.0;1149.0;3
Aus_36.To.Aus_2;AC;Aus_36;Aus_2;40.2576489533;1053.0;1053.0;3
Ger_58.To.Ger_16;AC;Ger_58;Ger_16;40.2576489533;1149.0;1149.0;3
Ger_90.To.Ger_106;AC;Ger_90;Ger_106;40.2576489533;1149.0;1149.0;3
Fra_133.To.Fra_179;AC;Fra_133;Fra_179;40.3551251009;1000.0;1000.0;3
Cze_12.To.Cze_34;AC;Cze_12;Cze_34;40.4203718674;821.0;821.0;3
Swi_16.To.Swi_9;AC;Swi_16;Swi_9;40.4694455686;1053.0;1053.0;3
Ger_124.To.Ger_107;AC;Ger_124;Ger_107;40.4858299595;1149.0;1149.0;3
Aus_5.To.Aus_2;AC;Aus_5;Aus_2;40.5022276225;1053.0;1053.0;3
Ger_105.To.Ger_112;AC;Ger_105;Ger_112;40.7166123779;1149.0;1149.0;3
Hun_3.To.Hun_25;AC;Hun_3;Hun_25;40.7664084794;1053.0;1053.0;3
Ger_14.To.Ger_227;AC;Ger_14;Ger_227;40.9668168783;1149.0;1149.0;3
Net_19.To.Net_20;AC;Net_19;Net_20;40.9836065574;3121.0;3121.0;3
Pol_60.To.Pol_62;AC;Pol_60;Pol_62;41.0004100041;679.0;679.0;3
Aus_35.To.Aus_33;AC;Aus_35;Aus_33;41.0172272354;1053.0;1053.0;3
Swi_5.To.Swi_38;AC;Swi_5;Swi_38;41.0340582684;1053.0;1053.0;3
Ger_115.To.Ger_227;AC;Ger_115;Ger_227;41.2541254125;1149.0;1149.0;3
Rom_43.To.Rom_85;AC;Rom_43;Rom_85;41.2541254125;99.0;99.0;3
Ger_55.To.Ger_42;AC;Ger_55;Ger_42;41.3052457662;1149.0;1149.0;3
Ger_99.To.Ger_96;AC;Ger_99;Ger_96;41.3907284768;1149.0;1149.0;3
Ger_74.To.Ger_68;AC;Ger_74;Ger_68;41.4078674948;1149.0;1149.0;3
Ger_154.To.Ger_151;AC;Ger_154;Ger_151;41.4593698176;1149.0;1149.0;3
Swi_42.To.Swi_36;AC;Swi_42;Swi_36;41.4937759336;1053.0;1053.0;3
Ger_211.To.Ger_147;AC;Ger_211;Ger_147;41.4937759336;1149.0;1149.0;3
Fra_203.To.Fra_230;AC;Fra_203;Fra_230;41.7710944027;1000.0;1000.0;3
Fra_97.To.Fra_101;AC;Fra_97;Fra_101;41.9463087248;1000.0;1000.0;3
Fra_110.To.Fra_64;AC;Fra_110;Fra_64;42.0163553624;1000.0;1000.0;3
Fra_138.To.Fra_262;AC;Fra_138;Fra_262;42.3370025402;1000.0;1000.0;3
Cze_7.To.Cze_18;AC;Cze_7;Cze_18;42.3908435778;821.0;821.0;3
Fra_80.To.Fra_108;AC;Fra_80;Fra_108;42.5350914504;1000.0;1000.0;3
Ger_171.To.Ger_143;AC;Ger_171;Ger_143;42.9000429;1149.0;1149.0;3
Ger_167.To.Ger_178;AC;Ger_167;Ger_178;42.9184549356;1149.0;1149.0;3
Fra_237.To.Fra_217;AC;Fra_237;Fra_217;43.0292598967;1000.0;1000.0;3
Bel_15.To.Bel_1;AC;Bel_15;Bel_1;43.0663221361;1945.0;1945.0;3
Fra_197.To.Fra_207;AC;Fra_197;Fra_207;43.1034482759;1000.0;1000.0;3
Swi_6.To.Swi_30;AC;Swi_6;Swi_30;43.4216239687;1053.0;1053.0;3
Rom_56.To.Rom_17;AC;Rom_56;Rom_17;43.4216239687;99.0;99.0;3
Ger_132.To.Ger_121;AC;Ger_132;Ger_121;43.4782608696;1149.0;1149.0;3
Ger_84.To.Ger_79;AC;Ger_84;Ger_79;43.5540069686;1149.0;1149.0;3
Pol_18.To.Pol_20;AC;Pol_18;Pol_20;43.6109899695;679.0;679.0;3
Net_5.To.Ger_13;AC;Net_5;Ger_13;43.956043956;3121.0;3121.0;3
Ger_221.To.Ger_20;AC;Ger_221;Ger_20;43.9753737907;1149.0;1149.0;3
Ger_111.To.Ger_6;AC;Ger_111;Ger_6;43.9947206335;1149.0;1149.0;3
Swi_17.To.Swi_8;AC;Swi_17;Swi_8;44.0528634361;1053.0;1053.0;3
Fra_274.To.Fra_281;AC;Fra_274;Fra_281;44.0528634361;1000.0;1000.0;3
Fra_292.To.Fra_274;AC;Fra_292;Fra_274;44.0528634361;1000.0;1000.0;3
Ger_147.To.Ger_119;AC;Ger_147;Ger_119;44.0722785368;1149.0;1149.0;3
Ger_31.To.Ger_47;AC;Ger_31;Ger_47;44.2086648983;1149.0;1149.0;3
Fra_254.To.Fra_262;AC;Fra_254;Fra_262;44.2086648983;1000.0;1000.0;3
Ger_228.To.Ger_226;AC;Ger_228;Ger_226;44.3458980044;1149.0;1149.0;3
Cro_12.To.Cro_13;AC;Cro_12;Cro_13;44.4247001333;734.0;734.0;3
Ger_3.To.Ger_141;AC;Ger_3;Ger_141;44.7027268663;1149.0;1149.0;3
Slv_7.To.Cro_14;AC;Slv_7;Cro_14;44.9508254818;754.0;754.0;3
Ger_33.To.Ger_44;AC;Ger_33;Ger_44;45.00450045;1149.0;1149.0;3
Net_8.To.Net_23;AC;Net_8;Net_23;45.045045045;3121.0;3121.0;3
Cze_29.To.Cze_1;AC;Cze_29;Cze_1;45.2488687783;821.0;821.0;3
Pol_42.To.Pol_28;AC;Pol_42;Pol_28;45.4132606721;679.0;679.0;3
Ger_78.To.Ger_79;AC;Ger_78;Ger_79;45.6204379562;1149.0;1149.0;3
Pol_52.To.Pol_44;AC;Pol_52;Pol_44;46.0405156538;679.0;679.0;3
Slk_12.To.Slk_10;AC;Slk_12;Slk_10;46.1893764434;707.0;707.0;3
Ger_75.To.Ger_63;AC;Ger_75;Ger_63;46.2962962963;1149.0;1149.0;3
Fra_69.To.Fra_70;AC;Fra_69;Fra_70;46.3606861382;1000.0;1000.0;3
Fra_74.To.Fra_223;AC;Fra_74;Fra_223;46.3606861382;1000.0;1000.0;3
Fra_248.To.Fra_308;AC;Fra_248;Fra_308;46.3606861382;1000.0;1000.0;3
Ger_94.To.Ger_104;AC;Ger_94;Ger_104;46.403712297;1149.0;1149.0;3
Aus_26.To.Aus_29;AC;Aus_26;Aus_29;46.511627907;1053.0;1053.0;3
Fra_271.To.Fra_290;AC;Fra_271;Fra_290;46.533271289;1000.0;1000.0;3
Fra_14.To.Fra_287;AC;Fra_14;Fra_287;46.5515078101;1000.0;1000.0;3
Fra_133.To.Fra_141;AC;Fra_133;Fra_141;46.62004662;1000.0;1000.0;3
Ger_185.To.Ger_193;AC;Ger_185;Ger_193;46.8823253633;1149.0;1149.0;3
Swi_42.To.Swi_34;AC;Swi_42;Swi_34;47.0145745181;1053.0;1053.0;3
Ger_158.To.Ger_179;AC;Ger_158;Ger_179;47.1920717319;1149.0;1149.0;3
Aus_5.To.Aus_34;AC;Aus_5;Aus_34;47.2143531634;1053.0;1053.0;3
Hun_9.To.Hun_5;AC;Hun_9;Hun_5;47.2143531634;1053.0;1053.0;3
Fra_110.To.Swi_6;AC;Fra_110;Swi_6;47.2366556448;10.0;10.0;3
Net_22.To.Net_23;AC;Net_22;Net_23;47.2813238771;3121.0;3121.0;3
Hun_24.To.Hun_25;AC;Hun_24;Hun_25;47.3036896878;1053.0;1053.0;3
Fra_10.To.Fra_6;AC;Fra_10;Fra_6;47.3484848485;1000.0;1000.0;3
Ger_197.To.Ger_203;AC;Ger_197;Ger_203;47.619047619;1149.0;1149.0;3
Pol_27.To.Pol_26;AC;Pol_27;Pol_26;47.9156684236;679.0;679.0;3
Ger_171.To.Ger_199;AC;Ger_171;Ger_199;48.1231953802;1149.0;1149.0;3
Slk_17.To.Slk_18;AC;Slk_17;Slk_18;48.2858522453;707.0;707.0;3
Fra_24.To.Fra_115;AC;Fra_24;Fra_115;48.5908649174;1000.0;1000.0;3
Fra_84.To.Fra_91;AC;Fra_84;Fra_91;48.5908649174;1000.0;1000.0;3
Fra_217.To.Fra_197;AC;Fra_217;Fra_197;48.6381322957;1000.0;1000.0;3
Fra_311.To.Fra_21;AC;Fra_311;Fra_21;48.6618004866;1000.0;1000.0;3
Slk_17.To.Slk_15;AC;Slk_17;Slk_15;48.7092060399;707.0;707.0;3
Ger_51.To.Ger_50;AC;Ger_51;Ger_50;48.8997555012;1149.0;1149.0;3
Ger_98.To.Ger_80;AC;Ger_98;Ger_80;48.9476260401;1149.0;1149.0;3
Aus_2.To.Ger_141;AC;Aus_2;Ger_141;49.2610837438;1053.0;1053.0;3
Cze_7.To.Cze_34;AC;Cze_7;Cze_34;49.3863709174;821.0;821.0;3
Ger_4.To.Ger_137;AC;Ger_4;Ger_137;49.4071146245;1149.0;1149.0;3
Dnk_9.To.Ger_179;AC;Dnk_9;Ger_179;49.4315373208;1149.0;1149.0;3
Aus_9.To.Aus_8;AC;Aus_9;Aus_8;49.5540138751;1053.0;1053.0;3
Ger_203.To.Ger_214;AC;Ger_203;Ger_214;49.5540138751;1149.0;1149.0;3
Aus_15.To.Aus_4;AC;Aus_15;Aus_4;49.5785820526;1053.0;1053.0;3
Swi_32.To.Swi_34;AC;Swi_32;Swi_34;49.6031746032;1053.0;1053.0;3
Fra_133.To.Fra_144;AC;Fra_133;Fra_144;49.9619683585;1000.0;1000.0;3
Ger_118.To.Ger_111;AC;Ger_118;Ger_111;50.0250125063;1149.0;1149.0;3
Ger_186.To.Ger_191;AC;Ger_186;Ger_191;50.0500500501;1149.0;1149.0;3
Fra_141.To.Fra_149;AC;Fra_141;Fra_149;50.1504513541;1000.0;1000.0;3
Fra_239.To.Fra_237;AC;Fra_239;Fra_237;50.2008032129;1000.0;1000.0;3
Aus_26.To.Aus_22;AC;Aus_26;Aus_22;50.2512562814;1053.0;1053.0;3
Ger_173.To.Ger_191;AC;Ger_173;Ger_191;50.3271263211;1149.0;1149.0;3
Ger_215.To.Ger_17;AC;Ger_215;Ger_17;50.4286434695;1149.0;1149.0;3
Cze_11.To.Cze_27;AC;Cze_11;Cze_27;50.5305709955;821.0;821.0;3
Fra_42.To.Fra_30;AC;Fra_42;Fra_30;50.5561172902;1000.0;1000.0;3
Fra_15.To.Fra_311;AC;Fra_15;Fra_311;50.6842372022;1000.0;1000.0;3
Slk_13.To.Slk_3;AC;Slk_13;Slk_3;50.9424350484;707.0;707.0;3
Fra_256.To.Fra_268;AC;Fra_256;Fra_268;50.9683995923;1000.0;1000.0;3
Ger_220.To.Ger_31;AC;Ger_220;Ger_31;51.1770726714;1149.0;1149.0;3
Fra_222.To.Fra_197;AC;Fra_222;Fra_197;51.2295081967;1000.0;1000.0;3
Fra_133.To.Fra_143;AC;Fra_133;Fra_143;51.2485872468;1000.0;1000.0;3
Ger_159.To.Ger_164;AC;Ger_159;Ger_164;51.5198351365;1149.0;1149.0;3
Slk_13.To.Pol_89;AC;Slk_13;Pol_89;51.5198351365;707.0;707.0;3
Fra_43.To.Fra_95;AC;Fra_43;Fra_95;51.5463917526;1000.0;1000.0;3
Ger_113.To.Ger_97;AC;Ger_113;Ger_97;51.5726984647;1149.0;1149.0;3
Swi_32.To.Swi_19;AC;Swi_32;Swi_19;51.9210799585;1053.0;1053.0;3
Aus_7.To.Aus_2;AC;Aus_7;Aus_2;51.9480519481;1053.0;1053.0;3
Ger_151.To.Ger_161;AC;Ger_151;Ger_161;51.9750519751;1149.0;1149.0;3
Rom_4.To.Rom_90;AC;Rom_4;Rom_90;52.0291363163;99.0;99.0;3
Rom_32.To.Rom_14;AC;Rom_32;Rom_14;52.0291363163;99.0;99.0;3
Fra_284.To.Fra_115;AC;Fra_284;Fra_115;52.1376433785;1000.0;1000.0;3
Ger_74.To.Ger_97;AC;Ger_74;Ger_97;52.1648408972;1149.0;1149.0;3
Swi_22.To.Swi_8;AC;Swi_22;Swi_8;52.4383848977;1053.0;1053.0;3
Cze_26.To.Cze_17;AC;Cze_26;Cze_17;52.5486074619;821.0;821.0;3
Ger_31.To.Ger_40;AC;Ger_31;Ger_40;52.6870389884;1149.0;1149.0;3
Aus_18.To.Aus_26;AC;Aus_18;Aus_26;52.7148128624;1053.0;1053.0;3
Cze_5.To.Cze_23;AC;Cze_5;Cze_23;52.7983104541;821.0;821.0;3
Ger_58.To.Ger_80;AC;Ger_58;Ger_80;53.0785562633;1149.0;1149.0;3
Fra_137.To.Fra_151;AC;Fra_137;Fra_151;53.1067445566;1000.0;1000.0;3
Pol_83.To.Pol_77;AC;Pol_83;Pol_77;53.1914893617;679.0;679.0;3
Dnk_4.To.Dnk_5;AC;Dnk_4;Dnk_5;53.447354356;1149.0;1149.0;3
Fra_100.To.Fra_101;AC;Fra_100;Fra_101;53.447354356;1000.0;1000.0;3
Pol_80.To.Pol_90;AC;Pol_80;Pol_90;53.5618639529;679.0;679.0;3
Ger_39.To.Ger_50;AC;Ger_39;Ger_50;53.59056806;1149.0;1149.0;3
Bel_10.To.Fra_284;AC;Bel_10;Fra_284;53.6193029491;1945.0;1945.0;3
Ger_4.To.Ger_150;AC;Ger_4;Ger_150;53.7634408602;1149.0;1149.0;3
Ger_176.To.Ger_203;AC;Ger_176;Ger_203;53.9665407447;1149.0;1149.0;3
Ger_86.To.Ger_77;AC;Ger_86;Ger_77;54.0832882639;1149.0;1149.0;3
Fra_73.To.Fra_59;AC;Fra_73;Fra_59;54.2888165038;1000.0;1000.0;3
Pol_52.To.Pol_43;AC;Pol_52;Pol_43;54.2888165038;679.0;679.0;3
Fra_316.To.Fra_304;AC;Fra_316;Fra_304;54.3773790103;1000.0;1000.0;3
Fra_114.To.Fra_108;AC;Fra_114;Fra_108;54.4365813827;1000.0;1000.0;3
Ger_186.To.Ger_192;AC;Ger_186;Ger_192;54.4662309368;1149.0;1149.0;3
Fra_48.To.Fra_80;AC;Fra_48;Fra_80;54.4871284164;1000.0;1000.0;3
Pol_66.To.Pol_82;AC;Pol_66;Pol_82;54.4959128065;679.0;679.0;3
Fra_138.To.Fra_258;AC;Fra_138;Fra_258;54.5256270447;1000.0;1000.0;3
Aus_3.To.Ger_10;AC;Aus_3;Ger_10;54.6746856206;1053.0;1053.0;3
Ger_31.To.Ger_20;AC;Ger_31;Ger_20;55.0055005501;1149.0;1149.0;3
Aus_27.To.Aus_29;AC;Aus_27;Aus_29;55.0357732526;1053.0;1053.0;3
Pol_83.To.Pol_63;AC;Pol_83;Pol_63;55.3097345133;679.0;679.0;3
Ger_180.To.Ger_194;AC;Ger_180;Ger_194;55.4938956715;1149.0;1149.0;3
Aus_10.To.Aus_32;AC;Aus_10;Aus_32;55.7103064067;1053.0;1053.0;3
Fra_15.To.Fra_22;AC;Fra_15;Fra_22;55.7413600892;1000.0;1000.0;3
Aus_3.To.Aus_1;AC;Aus_3;Aus_1;55.8035714286;1053.0;1053.0;3
Fra_12.To.Fra_115;AC;Fra_12;Fra_115;55.8035714286;1000.0;1000.0;3
Bel_3.To.Lux_3;AC;Bel_3;Lux_3;55.8659217877;1945.0;1945.0;3
Hun_16.To.Cro_8;AC;Hun_16;Cro_8;55.8659217877;1053.0;1053.0;3
Pol_90.To.Pol_85;AC;Pol_90;Pol_85;55.8659217877;679.0;679.0;3
Ger_209.To.Ger_207;AC;Ger_209;Ger_207;55.9597090095;1149.0;1149.0;3
Cze_9.To.Cze_2;AC;Cze_9;Cze_2;55.9910414334;821.0;821.0;3
Aus_12.To.Aus_11;AC;Aus_12;Aus_11;56.1167227834;1053.0;1053.0;3
Fra_65.To.Fra_74;AC;Fra_65;Fra_74;56.1482313307;1000.0;1000.0;3
Cro_4.To.Cro_5;AC;Cro_4;Cro_5;56.2113546936;734.0;734.0;3
Fra_24.To.Fra_74;AC;Fra_24;Fra_74;56.2429696288;1000.0;1000.0;3
Pol_91.To.Pol_87;AC;Pol_91;Pol_87;56.2429696288;679.0;679.0;3
Ger_174.To.Ger_148;AC;Ger_174;Ger_148;56.3063063063;1149.0;1149.0;3
Net_6.To.Net_24;AC;Net_6;Net_24;56.3697857948;3121.0;3121.0;3
Ger_17.To.Ger_26;AC;Ger_17;Ger_26;56.4334085779;1149.0;1149.0;3
Ger_198.To.Ger_193;AC;Ger_198;Ger_193;56.6251415629;1149.0;1149.0;3
Swi_38.To.Swi_14;AC;Swi_38;Swi_14;56.8504832291;1053.0;1053.0;3
Fra_13.To.Fra_55;AC;Fra_13;Fra_55;56.8504832291;1000.0;1000.0;3
Swi_16.To.Swi_44;AC;Swi_16;Swi_44;56.8828213879;1053.0;1053.0;3
Ger_166.To.Ger_185;AC;Ger_166;Ger_185;56.8828213879;1149.0;1149.0;3
Fra_224.To.Fra_180;AC;Fra_224;Fra_180;56.9800569801;1000.0;1000.0;3
Bel_2.To.Fra_43;AC;Bel_2;Fra_43;57.1102227299;1945.0;1945.0;3
Fra_115.To.Fra_223;AC;Fra_115;Fra_223;57.273768614;1000.0;1000.0;3
Ger_191.To.Ger_202;AC;Ger_191;Ger_202;57.3065902579;1149.0;1149.0;3
Fra_265.To.Fra_268;AC;Fra_265;Fra_268;57.6368876081;1000.0;1000.0;3
Bel_22.To.Bel_9;AC;Bel_22;Bel_9;57.7700751011;1945.0;1945.0;3
Fra_99.To.Fra_5;AC;Fra_99;Fra_5;57.9374275782;1000.0;1000.0;3
Ger_218.To.Ger_23;AC;Ger_218;Ger_23;58.0046403712;1149.0;1149.0;3
Swi_35.To.Swi_41;AC;Swi_35;Swi_41;58.0720092915;1053.0;1053.0;3
Aus_14.To.Aus_16;AC;Aus_14;Aus_16;58.1057524695;1053.0;1053.0;3
Fra_306.To.Fra_290;AC;Fra_306;Fra_290;58.1057524695;1000.0;1000.0;3
Ger_121.To.Ger_111;AC;Ger_121;Ger_111;58.1395348837;1149.0;1149.0;3
Ger_29.To.Ger_25;AC;Ger_29;Ger_25;58.1733566027;1149.0;1149.0;3
Ger_203.To.Ger_216;AC;Ger_203;Ger_216;58.3090379009;1149.0;1149.0;3
Fra_225.To.Fra_231;AC;Fra_225;Fra_231;58.4639922834;1000.0;1000.0;3
Slk_21.To.Slk_24;AC;Slk_21;Slk_24;58.5823081429;707.0;707.0;3
Ger_115.To.Ger_107;AC;Ger_115;Ger_107;58.6166471278;1149.0;1149.0;3
Fra_28.To.Fra_57;AC;Fra_28;Fra_57;58.7889476778;1000.0;1000.0;3
Fra_279.To.Fra_281;AC;Fra_279;Fra_281;58.7889476778;1000.0;1000.0;3
Ger_92.To.Ger_74;AC;Ger_92;Ger_74;58.858151854;1149.0;1149.0;3
Rom_3.To.Rom_53;AC;Rom_3;Rom_53;58.9275191514;99.0;99.0;3
Rom_46.To.Rom_34;AC;Rom_46;Rom_34;58.9275191514;99.0;99.0;3
Fra_296.To.Fra_95;AC;Fra_296;Fra_95;58.9855821004;1000.0;1000.0;3
Ger_89.To.Ger_74;AC;Ger_89;Ger_74;59.1366055588;1149.0;1149.0;3
Swi_40.To.Swi_27;AC;Swi_40;Swi_27;59.2768227623;1053.0;1053.0;3
Hun_21.To.Hun_19;AC;Hun_21;Hun_19;59.4177064765;1053.0;1053.0;3
Fra_144.To.Fra_179;AC;Fra_144;Fra_179;59.5947556615;1000.0;1000.0;3
Cze_7.To.Ger_31;AC;Cze_7;Ger_31;59.8086124402;821.0;821.0;3
Dnk_6.To.Dnk_7;AC;Dnk_6;Dnk_7;59.8444045482;1149.0;1149.0;3
Ger_131.To.Ger_10;AC;Ger_131;Ger_10;60.2409638554;1149.0;1149.0;3
Fra_294.To.Fra_281;AC;Fra_294;Fra_281;60.4594921403;1000.0;1000.0;3
Fra_111.To.Fra_90;AC;Fra_111;Fra_90;60.4960677556;1000.0;1000.0;3
Swi_37.To.Swi_44;AC;Swi_37;Swi_44;60.5693519079;1053.0;1053.0;3
Ger_172.To.Ger_174;AC;Ger_172;Ger_174;60.6428138266;1149.0;1149.0;3
Pol_43.To.Pol_53;AC;Pol_43;Pol_53;60.9013398295;679.0;679.0;3
Fra_128.To.Fra_141;AC;Fra_128;Fra_141;61.0873549175;1000.0;1000.0;3
Fra_309.To.Fra_310;AC;Fra_309;Fra_310;61.0961694893;1000.0;1000.0;3
Fra_222.To.Fra_229;AC;Fra_222;Fra_229;61.2745098039;1000.0;1000.0;3
Fra_148.To.Fra_127;AC;Fra_148;Fra_127;61.3329721577;1000.0;1000.0;3
Net_22.To.Net_20;AC;Net_22;Net_20;61.4250614251;3121.0;3121.0;3
Swi_9.To.Swi_10;AC;Swi_9;Swi_10;61.4628149969;1053.0;1053.0;3
Bel_4.To.Bel_6;AC;Bel_4;Bel_6;61.7283950617;1945.0;1945.0;3
Fra_110.To.Fra_5;AC;Fra_110;Fra_5;62.3723791194;1000.0;1000.0;3
Aus_3.To.Aus_23;AC;Aus_3;Aus_23;62.3830318153;1053.0;1053.0;3
Aus_13.To.Aus_25;AC;Aus_13;Aus_25;62.4609618988;1053.0;1053.0;3
Rom_58.To.Rom_10;AC;Rom_58;Rom_10;62.4609618988;99.0;99.0;3
Fra_10.To.Swi_1;AC;Fra_10;Swi_1;62.5782227785;10.0;10.0;3
Aus_16.To.Aus_13;AC;Aus_16;Aus_13;62.656641604;1053.0;1053.0;3
Swi_37.To.Swi_46;AC;Swi_37;Swi_46;62.6959247649;1053.0;1053.0;3
Net_25.To.Net_3;AC;Net_25;Net_3;62.7746390458;3121.0;3121.0;3
Ger_210.To.Ger_20;AC;Ger_210;Ger_20;62.8140703518;1149.0;1149.0;3
Fra_299.To.Fra_292;AC;Fra_299;Fra_292;63.051702396;1000.0;1000.0;3
Fra_39.To.Fra_41;AC;Fra_39;Fra_41;63.0914826498;1000.0;1000.0;3
Fra_298.To.Fra_316;AC;Fra_298;Fra_316;63.2511068944;1000.0;1000.0;3
Hun_24.To.Hun_5;AC;Hun_24;Hun_5;63.2511068944;1053.0;1053.0;3
Ger_76.To.Ger_59;AC;Ger_76;Ger_59;63.4920634921;1149.0;1149.0;3
Rom_53.To.Hun_10;AC;Rom_53;Hun_10;63.4920634921;99.0;99.0;3
Rom_72.To.Rom_45;AC;Rom_72;Rom_45;63.4920634921;99.0;99.0;3
Ger_224.To.Ger_115;AC;Ger_224;Ger_115;63.73486297;1149.0;1149.0;3
Bel_4.To.Bel_20;AC;Bel_4;Bel_20;64.0204865557;1945.0;1945.0;3
Fra_257.To.Fra_260;AC;Fra_257;Fra_260;64.2673521851;1000.0;1000.0;3
Fra_81.To.Fra_57;AC;Fra_81;Fra_57;64.3500643501;1000.0;1000.0;3
Ger_188.To.Ger_195;AC;Ger_188;Ger_195;64.4329896907;1149.0;1149.0;3
Ger_56.To.Ger_50;AC;Ger_56;Ger_50;64.5161290323;1149.0;1149.0;3
Ger_133.To.Ger_222;AC;Ger_133;Ger_222;64.6412411118;1149.0;1149.0;3
Fra_47.To.Fra_32;AC;Fra_47;Fra_32;64.8088139987;1000.0;1000.0;3
Fra_298.To.Fra_293;AC;Fra_298;Fra_293;65.0618087183;1000.0;1000.0;3
Hun_20.To.Hun_13;AC;Hun_20;Hun_13;65.3167864141;1053.0;1053.0;3
Ger_157.To.Ger_165;AC;Ger_157;Ger_165;65.3594771242;1149.0;1149.0;3
Fra_222.To.Fra_230;AC;Fra_222;Fra_230;65.5307994758;1000.0;1000.0;3
Pol_79.To.Pol_85;AC;Pol_79;Pol_85;65.5737704918;679.0;679.0;3
Ger_146.To.Ger_145;AC;Ger_146;Ger_145;65.9195781147;1149.0;1149.0;3
Ger_152.To.Ger_157;AC;Ger_152;Ger_157;65.963060686;1149.0;1149.0;3
Ger_165.To.Ger_176;AC;Ger_165;Ger_176;66.0066006601;1149.0;1149.0;3
Pol_63.To.Pol_58;AC;Pol_63;Pol_58;66.1375661376;679.0;679.0;3
Slv_5.To.Slv_3;AC;Slv_5;Slv_3;66.1376941276;754.0;754.0;3
Hun_3.To.Hun_8;AC;Hun_3;Hun_8;66.2251655629;1053.0;1053.0;3
Ger_68.To.Ger_57;AC;Ger_68;Ger_57;66.2690523526;1149.0;1149.0;3
Ger_203.To.Ger_31;AC;Ger_203;Ger_31;66.3570006636;1149.0;1149.0;3
Ger_214.To.Ger_32;AC;Ger_214;Ger_32;66.6222518321;1149.0;1149.0;3
Fra_81.To.Fra_108;AC;Fra_81;Fra_108;66.6666666667;1000.0;1000.0;3
Pol_16.To.Pol_10;AC;Pol_16;Pol_10;66.6666666667;679.0;679.0;3
Swi_34.To.Swi_39;AC;Swi_34;Swi_39;66.8002672011;1053.0;1053.0;3
Pol_68.To.Pol_63;AC;Pol_68;Pol_63;66.9344042838;679.0;679.0;3
Ger_178.To.Ger_186;AC;Ger_178;Ger_186;67.0241286863;1149.0;1149.0;3
Fra_197.To.Fra_179;AC;Fra_197;Fra_179;67.1591672263;1000.0;1000.0;3
Fra_4.To.Fra_184;AC;Fra_4;Fra_184;67.3892385164;1000.0;1000.0;3
Ger_31.To.Ger_35;AC;Ger_31;Ger_35;67.5675675676;1149.0;1149.0;3
Swi_28.To.Swi_19;AC;Swi_28;Swi_19;67.6589986468;1053.0;1053.0;3
Aus_36.To.Aus_33;AC;Aus_36;Aus_33;67.7048070413;1053.0;1053.0;3
Fra_237.To.Fra_233;AC;Fra_237;Fra_233;67.8886625933;1000.0;1000.0;3
Swi_14.To.Swi_10;AC;Swi_14;Swi_10;68.4931506849;1053.0;1053.0;3
Dnk_8.To.Dnk_7;AC;Dnk_8;Dnk_7;68.5180665208;1149.0;1149.0;3
Swi_24.To.Swi_20;AC;Swi_24;Swi_20;68.6341798216;1053.0;1053.0;3
Fra_276.To.Fra_281;AC;Fra_276;Fra_281;68.9655172414;1000.0;1000.0;3
Ger_16.To.Ger_38;AC;Ger_16;Ger_38;69.0131124914;1149.0;1149.0;3
Ger_108.To.Pol_21;AC;Ger_108;Pol_21;69.1085003455;1149.0;1149.0;3
Ger_36.To.Ger_43;AC;Ger_36;Ger_43;69.5894224078;1149.0;1149.0;3
Pol_45.To.Pol_1;AC;Pol_45;Pol_1;69.6864111498;679.0;679.0;3
Ger_91.To.Ger_83;AC;Ger_91;Ger_83;70.1754385965;1149.0;1149.0;3
Slv_7.To.Slv_5;AC;Slv_7;Slv_5;70.2315220366;754.0;754.0;3
Fra_257.To.Fra_266;AC;Fra_257;Fra_266;70.4225352113;1000.0;1000.0;3
Ger_106.To.Ger_110;AC;Ger_106;Ger_110;70.821529745;1149.0;1149.0;3
Aus_14.To.Aus_17;AC;Aus_14;Aus_17;71.1743772242;1053.0;1053.0;3
Fra_155.To.Fra_163;AC;Fra_155;Fra_163;71.2758374911;1000.0;1000.0;3
Fra_272.To.Fra_287;AC;Fra_272;Fra_287;71.5554272496;1000.0;1000.0;3
Net_19.To.Net_21;AC;Net_19;Net_21;71.7875089734;3121.0;3121.0;3
Ger_55.To.Ger_50;AC;Ger_55;Ger_50;72.2585684992;1149.0;1149.0;3
Ger_25.To.Ger_21;AC;Ger_25;Ger_21;72.6216412491;1149.0;1149.0;3
Fra_10.To.Swi_2;AC;Fra_10;Swi_2;72.6216412491;10.0;10.0;3
Pol_77.To.Pol_89;AC;Pol_77;Pol_89;72.7802037846;679.0;679.0;3
Pol_52.To.Pol_57;AC;Pol_52;Pol_57;73.34361343;679.0;679.0;3
Ger_201.To.Ger_204;AC;Ger_201;Ger_204;73.4753857458;1149.0;1149.0;3
Dnk_6.To.Dnk_3;AC;Dnk_6;Dnk_3;73.5294117647;1149.0;1149.0;3
Fra_139.To.Fra_108;AC;Fra_139;Fra_108;73.6377025037;1000.0;1000.0;3
Fra_191.To.Fra_260;AC;Fra_191;Fra_260;73.8007380074;1000.0;1000.0;3
Ger_150.To.Ger_149;AC;Ger_150;Ger_149;74.2390497402;1149.0;1149.0;3
Fra_2.To.Fra_237;AC;Fra_2;Fra_237;74.3494423792;1000.0;1000.0;3
Net_10.To.Net_23;AC;Net_10;Net_23;74.5156482861;3121.0;3121.0;3
Aus_19.To.Aus_16;AC;Aus_19;Aus_16;74.7384155456;1053.0;1053.0;3
Swi_14.To.Swi_2;AC;Swi_14;Swi_2;75.4147812971;1053.0;1053.0;3
Ger_8.To.Net_4;AC;Ger_8;Net_4;75.4147812971;1149.0;1149.0;3
Fra_191.To.Fra_95;AC;Fra_191;Fra_95;75.5857898715;1000.0;1000.0;3
Fra_10.To.Fra_35;AC;Fra_10;Fra_35;75.687823813;1000.0;1000.0;3
Net_14.To.Net_12;AC;Net_14;Net_12;76.0456273764;3121.0;3121.0;3
Ger_5.To.Ger_4;AC;Ger_5;Ger_4;76.1614623001;1149.0;1149.0;3
Pol_57.To.Pol_60;AC;Pol_57;Pol_60;76.2195121951;679.0;679.0;3
Swi_5.To.Swi_43;AC;Swi_5;Swi_43;76.2776506484;1053.0;1053.0;3
Fra_121.To.Fra_123;AC;Fra_121;Fra_123;76.5110941086;1000.0;1000.0;3
Aus_3.To.Ger_11;AC;Aus_3;Ger_11;76.9822940724;1053.0;1053.0;3
Ger_213.To.Ger_34;AC;Ger_213;Ger_34;77.101002313;1149.0;1149.0;3
Ger_7.To.Ger_226;AC;Ger_7;Ger_226;77.6397515528;1149.0;1149.0;3
Rom_40.To.Rom_50;AC;Rom_40;Rom_50;78.0640124902;99.0;99.0;3
Rom_57.To.Rom_40;AC;Rom_57;Rom_40;78.0640124902;99.0;99.0;3
Rom_57.To.Rom_50;AC;Rom_57;Rom_50;78.0640124902;99.0;99.0;3
Ger_128.To.Ger_225;AC;Ger_128;Ger_225;78.1860828772;1149.0;1149.0;3
Ger_120.To.Ger_38;AC;Ger_120;Ger_38;78.4929356358;1149.0;1149.0;3
Fra_314.To.Fra_304;AC;Fra_314;Fra_304;78.8022064618;1000.0;1000.0;3
Slk_18.To.Hun_6;AC;Slk_18;Hun_6;78.8022064618;707.0;707.0;3
Fra_111.To.Fra_142;AC;Fra_111;Fra_142;78.9889415482;1000.0;1000.0;3
Ger_69.To.Ger_211;AC;Ger_69;Ger_211;79.1139240506;1149.0;1149.0;3
Aus_4.To.Aus_32;AC;Aus_4;Aus_32;79.3021411578;1053.0;1053.0;3
Fra_32.To.Fra_52;AC;Fra_32;Fra_52;79.3021411578;1000.0;1000.0;3
Aus_18.To.Aus_10;AC;Aus_18;Aus_10;79.3650793651;1053.0;1053.0;3
Ger_74.To.Ger_71;AC;Ger_74;Ger_71;79.554494829;1149.0;1149.0;3
Ger_17.To.Ger_45;AC;Ger_17;Ger_45;80.1924619086;1149.0;1149.0;3
Fra_298.To.Fra_281;AC;Fra_298;Fra_281;80.38585209;1000.0;1000.0;3
Fra_298.To.Fra_28;AC;Fra_298;Fra_28;80.4505229284;1000.0;1000.0;3
Fra_308.To.Fra_27;AC;Fra_308;Fra_27;80.9061488673;1000.0;1000.0;3
Ger_222.To.Ger_227;AC;Ger_222;Ger_227;81.1688311688;1149.0;1149.0;3
Fra_254.To.Fra_290;AC;Fra_254;Fra_290;81.1688311688;1000.0;1000.0;3
Lux_2.To.Lux_3;AC;Lux_2;Lux_3;81.4332247557;284.0;284.0;3
Fra_24.To.Fra_148;AC;Fra_24;Fra_148;81.499592502;1000.0;1000.0;3
Ger_167.To.Ger_173;AC;Ger_167;Ger_173;81.6326530612;1149.0;1149.0;3
Ger_179.To.Ger_38;AC;Ger_179;Ger_38;81.6326530612;1149.0;1149.0;3
Fra_70.To.Fra_51;AC;Fra_70;Fra_51;81.6326530612;1000.0;1000.0;3
Swi_3.To.Swi_14;AC;Swi_3;Swi_14;81.6993464052;1053.0;1053.0;3
Ger_61.To.Ger_47;AC;Ger_61;Ger_47;81.7661488144;1149.0;1149.0;3
Fra_11.To.Ger_2;AC;Fra_11;Ger_2;81.7661488144;10.0;10.0;3
Ger_58.To.Ger_38;AC;Ger_58;Ger_38;82.0344544709;1149.0;1149.0;3
Rom_26.To.Rom_71;AC;Rom_26;Rom_71;82.5082508251;99.0;99.0;3
Net_4.To.Net_24;AC;Net_4;Net_24;82.9875518672;3121.0;3121.0;3
Fra_10.To.Swi_3;AC;Fra_10;Swi_3;83.1255195345;10.0;10.0;3
Slk_15.To.Slk_7;AC;Slk_15;Slk_7;83.3333333333;707.0;707.0;3
Cze_32.To.Pol_91;AC;Cze_32;Pol_91;83.4724540902;821.0;821.0;3
Ger_92.To.Ger_109;AC;Ger_92;Ger_109;83.5421888053;1149.0;1149.0;3
Fra_8.To.Fra_11;AC;Fra_8;Fra_11;83.5421888053;1000.0;1000.0;3
Cze_27.To.Cze_28;AC;Cze_27;Cze_28;83.5861913;821.0;821.0;3
Fra_245.To.Fra_256;AC;Fra_245;Fra_256;83.8222967309;1000.0;1000.0;3
Ger_209.To.Ger_21;AC;Ger_209;Ger_21;84.7457627119;1149.0;1149.0;3
Fra_255.To.Fra_11;AC;Fra_255;Fra_11;85.0313352033;1000.0;1000.0;3
Aus_3.To.Swi_4;AC;Aus_3;Swi_4;85.0340136054;1053.0;1053.0;3
Ger_166.To.Ger_175;AC;Ger_166;Ger_175;85.910652921;1149.0;1149.0;3
Ger_159.To.Ger_156;AC;Ger_159;Ger_156;86.0585197935;1149.0;1149.0;3
Fra_110.To.Fra_128;AC;Fra_110;Fra_128;86.1326442722;1000.0;1000.0;3
Fra_71.To.Fra_67;AC;Fra_71;Fra_67;86.4304235091;1000.0;1000.0;3
Ger_171.To.Ger_177;AC;Ger_171;Ger_177;86.5051903114;1149.0;1149.0;3
Rom_33.To.Rom_17;AC;Rom_33;Rom_17;86.8432479375;99.0;99.0;3
Ger_81.To.Ger_66;AC;Ger_81;Ger_66;87.1839581517;1149.0;1149.0;3
Ger_126.To.Ger_110;AC;Ger_126;Ger_110;87.260034904;1149.0;1149.0;3
Fra_300.To.Fra_277;AC;Fra_300;Fra_277;87.489063867;1000.0;1000.0;3
Ger_135.To.Ger_126;AC;Ger_135;Ger_126;87.5656742557;1149.0;1149.0;3
Fra_6.To.Fra_50;AC;Fra_6;Fra_50;87.6551823427;1000.0;1000.0;3
Ger_133.To.Ger_123;AC;Ger_133;Ger_123;87.7963125549;1149.0;1149.0;3
Fra_75.To.Fra_70;AC;Fra_75;Fra_70;88.0670630685;1000.0;1000.0;3
Ger_127.To.Ger_126;AC;Ger_127;Ger_126;89.1265597148;1149.0;1149.0;3
Fra_5.To.Swi_40;AC;Fra_5;Swi_40;89.2857142857;10.0;10.0;3
Swi_21.To.Swi_22;AC;Swi_21;Swi_22;89.605734767;1053.0;1053.0;3
Ger_190.To.Ger_206;AC;Ger_190;Ger_206;89.928057554;1149.0;1149.0;3
Ger_81.To.Ger_139;AC;Ger_81;Ger_139;90.0090009001;1149.0;1149.0;3
Fra_42.To.Fra_59;AC;Fra_42;Fra_59;90.1713255185;1000.0;1000.0;3
Ger_42.To.Ger_46;AC;Ger_42;Ger_46;90.661831369;1149.0;1149.0;3
Ger_81.To.Ger_2;AC;Ger_81;Ger_2;90.661831369;1149.0;1149.0;3
Net_14.To.Net_10;AC;Net_14;Net_10;90.8265213442;3121.0;3121.0;3
Ger_182.To.Ger_176;AC;Ger_182;Ger_176;91.1577028259;1149.0;1149.0;3
Fra_273.To.Fra_262;AC;Fra_273;Fra_262;91.4913083257;1000.0;1000.0;3
Ger_53.To.Ger_47;AC;Ger_53;Ger_47;91.6590284143;1149.0;1149.0;3
Ger_128.To.Ger_115;AC;Ger_128;Ger_115;91.6590284143;1149.0;1149.0;3
Ger_184.To.Ger_194;AC;Ger_184;Ger_194;91.9963201472;1149.0;1149.0;3
Fra_271.To.Fra_273;AC;Fra_271;Fra_273;92.066667086;1000.0;1000.0;3
Ger_34.To.Ger_24;AC;Ger_34;Ger_24;92.2509225092;1149.0;1149.0;3
Bel_19.To.Bel_20;AC;Bel_19;Bel_20;92.3361034164;1945.0;1945.0;3
Swi_20.To.Swi_8;AC;Swi_20;Swi_8;92.3361034164;1053.0;1053.0;3
Fra_48.To.Fra_316;AC;Fra_48;Fra_316;92.4832743015;1000.0;1000.0;3
Bel_2.To.Bel_1;AC;Bel_2;Bel_1;92.936802974;1945.0;1945.0;3
Net_13.To.Net_11;AC;Net_13;Net_11;93.1098696462;3121.0;3121.0;3
Swi_22.To.Swi_29;AC;Swi_22;Swi_29;93.2835820896;1053.0;1053.0;3
Ger_127.To.Ger_117;AC;Ger_127;Ger_117;93.370681606;1149.0;1149.0;3
Fra_183.To.Fra_184;AC;Fra_183;Fra_184;93.5032582469;1000.0;1000.0;3
Ger_59.To.Ger_61;AC;Ger_59;Ger_61;93.5453695042;1149.0;1149.0;3
Fra_316.To.Fra_290;AC;Fra_316;Fra_290;94.8766603416;1000.0;1000.0;3
Fra_64.To.Fra_82;AC;Fra_64;Fra_82;94.9667616334;1000.0;1000.0;3
Aus_18.To.Slv_1;AC;Aus_18;Slv_1;95.328884652;1053.0;1053.0;3
Cze_15.To.Cze_19;AC;Cze_15;Cze_19;95.4198473282;821.0;821.0;3
Ger_164.To.Ger_182;AC;Ger_164;Ger_182;95.4198473282;1149.0;1149.0;3
Ger_77.To.Ger_78;AC;Ger_77;Ger_78;95.486459536;1149.0;1149.0;3
Cze_22.To.Cze_18;AC;Cze_22;Cze_18;95.6937799043;821.0;821.0;3
Lux_2.To.Lux_1;AC;Lux_2;Lux_1;95.785440613;284.0;284.0;3
Ger_116.To.Ger_109;AC;Ger_116;Ger_109;95.9692898273;1149.0;1149.0;3
Lux_1.To.Ger_139;AC;Lux_1;Ger_139;96.0614793468;284.0;284.0;3
Fra_103.To.Fra_89;AC;Fra_103;Fra_89;96.3391136802;1000.0;1000.0;3
Cze_25.To.Cze_26;AC;Cze_25;Cze_26;96.6183574879;821.0;821.0;3
Ger_66.To.Ger_54;AC;Ger_66;Ger_54;96.8992248062;1149.0;1149.0;3
Fra_3.To.Swi_30;AC;Fra_3;Swi_30;97.0873786408;10.0;10.0;3
Ger_75.To.Ger_78;AC;Ger_75;Ger_78;97.4658869396;1149.0;1149.0;3
Ger_104.To.Ger_100;AC;Ger_104;Ger_100;97.8473581213;1149.0;1149.0;3
Swi_16.To.Ger_14;AC;Swi_16;Ger_14;98.5221674877;1053.0;1053.0;3
Ger_9.To.Ger_6;AC;Ger_9;Ger_6;99.1080277502;1149.0;1149.0;3
Pol_66.To.Pol_57;AC;Pol_66;Pol_57;99.5024875622;679.0;679.0;3
Fra_129.To.Fra_137;AC;Fra_129;Fra_137;99.9000999001;1000.0;1000.0;3
Bel_10.To.Bel_18;AC;Bel_10;Bel_18;100.200400802;1945.0;1945.0;3
Swi_38.To.Swi_41;AC;Swi_38;Swi_41;100.26934078;1053.0;1053.0;3
Ger_133.To.Ger_224;AC;Ger_133;Ger_224;100.60362173;1149.0;1149.0;3
Fra_298.To.Fra_32;AC;Fra_298;Fra_32;100.654976031;1000.0;1000.0;3
Ger_194.To.Ger_212;AC;Ger_194;Ger_212;100.704934542;1149.0;1149.0;3
Net_25.To.Net_2;AC;Net_25;Net_2;100.704934542;3121.0;3121.0;3
Swi_32.To.Swi_28;AC;Swi_32;Swi_28;101.214574899;1053.0;1053.0;3
Ger_104.To.Ger_97;AC;Ger_104;Ger_97;102.459016393;1149.0;1149.0;3
Net_5.To.Net_15;AC;Net_5;Net_15;103.199174407;3121.0;3121.0;3
Fra_24.To.Fra_307;AC;Fra_24;Fra_307;103.412616339;1000.0;1000.0;3
Ger_202.To.Ger_24;AC;Ger_202;Ger_24;103.626943005;1149.0;1149.0;3
Fra_32.To.Fra_28;AC;Fra_32;Fra_28;103.626943005;1000.0;1000.0;3
Fra_73.To.Fra_90;AC;Fra_73;Fra_90;103.626943005;1000.0;1000.0;3
Ger_37.To.Ger_24;AC;Ger_37;Ger_24;103.734439834;1149.0;1149.0;3
Rom_9.To.Rom_39;AC;Rom_9;Rom_39;104.058272633;99.0;99.0;3
Rom_59.To.Rom_84;AC;Rom_59;Rom_84;104.058272633;99.0;99.0;3
Rom_79.To.Rom_88;AC;Rom_79;Rom_88;104.058272633;99.0;99.0;3
Rom_80.To.Rom_13;AC;Rom_80;Rom_13;104.058272633;99.0;99.0;3
Ger_67.To.Ger_56;AC;Ger_67;Ger_56;104.712041885;1149.0;1149.0;3
Fra_248.To.Fra_265;AC;Fra_248;Fra_265;105.152471083;1000.0;1000.0;3
Ger_174.To.Ger_184;AC;Ger_174;Ger_184;105.263157895;1149.0;1149.0;3
Ger_123.To.Ger_117;AC;Ger_123;Ger_117;105.596620908;1149.0;1149.0;3
Ger_82.To.Ger_70;AC;Ger_82;Ger_70;105.93220339;1149.0;1149.0;3
Fra_56.To.Fra_59;AC;Fra_56;Fra_59;106.269925611;1000.0;1000.0;3
Slk_25.To.Slk_24;AC;Slk_25;Slk_24;106.382978723;707.0;707.0;3
Ger_86.To.Ger_95;AC;Ger_86;Ger_95;106.402427365;1149.0;1149.0;3
Net_11.To.Net_4;AC;Net_11;Net_4;106.723585912;3121.0;3121.0;3
Ger_199.To.Ger_206;AC;Ger_199;Ger_206;106.951871658;1149.0;1149.0;3
Ger_209.To.Ger_213;AC;Ger_209;Ger_213;106.951871658;1149.0;1149.0;3
Ger_111.To.Ger_95;AC;Ger_111;Ger_95;107.373382793;1149.0;1149.0;3
Fra_256.To.Fra_138;AC;Fra_256;Fra_138;107.64262648;1000.0;1000.0;3
Pol_44.To.Pol_57;AC;Pol_44;Pol_57;109.549693441;679.0;679.0;3
Ger_204.To.Ger_220;AC;Ger_204;Ger_220;109.649122807;1149.0;1149.0;3
Net_14.To.Net_3;AC;Net_14;Net_3;110.375275938;3121.0;3121.0;3
Fra_27.To.Fra_51;AC;Fra_27;Fra_51;111.35857461;1000.0;1000.0;3
Ger_133.To.Ger_10;AC;Ger_133;Ger_10;111.482720178;1149.0;1149.0;3
Ger_148.To.Ger_130;AC;Ger_148;Ger_130;111.607142857;1149.0;1149.0;3
Swi_21.To.Swi_4;AC;Swi_21;Swi_4;111.731843575;1053.0;1053.0;3
Ger_28.To.Ger_42;AC;Ger_28;Ger_42;111.982082867;1149.0;1149.0;3
Slv_5.To.Slv_4;AC;Slv_5;Slv_4;112.359550562;754.0;754.0;3
Ger_86.To.Ger_101;AC;Ger_86;Ger_101;112.612612613;1149.0;1149.0;3
Bel_3.To.Bel_17;AC;Bel_3;Bel_17;112.994350282;1945.0;1945.0;3
Swi_33.To.Swi_30;AC;Swi_33;Swi_30;114.011414887;1053.0;1053.0;3
Swi_3.To.Ger_7;AC;Swi_3;Ger_7;114.025085519;1053.0;1053.0;3
Fra_225.To.Fra_215;AC;Fra_225;Fra_215;114.810562572;1000.0;1000.0;3
Fra_307.To.Fra_284;AC;Fra_307;Fra_284;114.957362484;1000.0;1000.0;3
Ger_175.To.Ger_196;AC;Ger_175;Ger_196;115.340253749;1149.0;1149.0;3
Ger_211.To.Ger_168;AC;Ger_211;Ger_168;116.55011655;1149.0;1149.0;3
Ger_182.To.Ger_187;AC;Ger_182;Ger_187;116.686114352;1149.0;1149.0;3
Ger_56.To.Ger_37;AC;Ger_56;Ger_37;117.370892019;1149.0;1149.0;3
Fra_103.To.Fra_121;AC;Fra_103;Fra_121;117.508813161;1000.0;1000.0;3
Ger_54.To.Ger_55;AC;Ger_54;Ger_55;118.483412322;1149.0;1149.0;3
Fra_48.To.Fra_28;AC;Fra_48;Fra_28;118.62396204;1000.0;1000.0;3
Bel_16.To.Bel_21;AC;Bel_16;Bel_21;119.474313023;1945.0;1945.0;3
Ger_87.To.Ger_58;AC;Ger_87;Ger_58;119.474313023;1149.0;1149.0;3
Fra_249.To.Fra_148;AC;Fra_249;Fra_148;119.904076739;1000.0;1000.0;3
Fra_121.To.Fra_133;AC;Fra_121;Fra_133;121.983077198;1000.0;1000.0;3
Ger_111.To.Ger_101;AC;Ger_111;Ger_101;122.399020808;1149.0;1149.0;3
Fra_74.To.Fra_262;AC;Fra_74;Fra_262;122.517565229;1000.0;1000.0;3
Ger_155.To.Ger_144;AC;Ger_155;Ger_144;122.699386503;1149.0;1149.0;3
Fra_142.To.Fra_157;AC;Fra_142;Fra_157;122.85012285;1000.0;1000.0;3
Fra_129.To.Fra_141;AC;Fra_129;Fra_141;123.001230012;1000.0;1000.0;3
Pol_92.To.Pol_85;AC;Pol_92;Pol_85;123.172234268;679.0;679.0;3
Ger_170.To.Ger_174;AC;Ger_170;Ger_174;123.762376238;1149.0;1149.0;3
Swi_3.To.Swi_11;AC;Swi_3;Swi_11;123.915737299;1053.0;1053.0;3
Rom_82.To.Rom_67;AC;Rom_82;Rom_67;124.223602484;99.0;99.0;3
Ger_115.To.Ger_101;AC;Ger_115;Ger_101;124.377680529;1149.0;1149.0;3
Ger_133.To.Ger_223;AC;Ger_133;Ger_223;124.378109453;1149.0;1149.0;3
Ger_86.To.Ger_75;AC;Ger_86;Ger_75;124.533001245;1149.0;1149.0;3
Fra_276.To.Fra_256;AC;Fra_276;Fra_256;124.688279302;1000.0;1000.0;3
Rom_78.To.Rom_24;AC;Rom_78;Rom_24;124.921923798;99.0;99.0;3
Net_23.To.Net_24;AC;Net_23;Net_24;125.470514429;3121.0;3121.0;3
Bel_15.To.Bel_17;AC;Bel_15;Bel_17;126.103404792;1945.0;1945.0;3
Fra_252.To.Fra_11;AC;Fra_252;Fra_11;126.215523643;1000.0;1000.0;3
Fra_70.To.Fra_62;AC;Fra_70;Fra_62;127.096866142;1000.0;1000.0;3
Ger_37.To.Ger_43;AC;Ger_37;Ger_43;127.877237852;1149.0;1149.0;3
Net_25.To.Bel_7;AC;Net_25;Bel_7;128.865979381;3121.0;3121.0;3
Rom_43.To.Rom_72;AC;Rom_43;Rom_72;128.865979381;99.0;99.0;3
Aus_1.To.Ger_222;AC;Aus_1;Ger_222;129.496954431;1053.0;1053.0;3
Fra_155.To.Fra_152;AC;Fra_155;Fra_152;129.533678756;1000.0;1000.0;3
Slk_16.To.Slk_17;AC;Slk_16;Slk_17;129.87012987;707.0;707.0;3
Hun_21.To.Hun_20;AC;Hun_21;Hun_20;130.974241308;1053.0;1053.0;3
Ger_8.To.Ger_217;AC;Ger_8;Ger_217;131.752305665;1149.0;1149.0;3
Pol_82.To.Pol_91;AC;Pol_82;Pol_91;131.752305665;679.0;679.0;3
Ger_90.To.Ger_102;AC;Ger_90;Ger_102;131.926121372;1149.0;1149.0;3
Ger_63.To.Ger_60;AC;Ger_63;Ger_60;132.100396301;1149.0;1149.0;3
Swi_13.To.Swi_12;AC;Swi_13;Swi_12;132.625994695;1053.0;1053.0;3
Bel_23.To.Bel_16;AC;Bel_23;Bel_16;132.802124834;1945.0;1945.0;3
Slv_6.To.Cro_10;AC;Slv_6;Cro_10;132.802124834;754.0;754.0;3
Swi_15.To.Swi_2;AC;Swi_15;Swi_2;133.333333333;1053.0;1053.0;3
Ger_72.To.Ger_67;AC;Ger_72;Ger_67;133.333333333;1149.0;1149.0;3
Bel_1.To.Bel_13;AC;Bel_1;Bel_13;133.868808568;1945.0;1945.0;3
Ger_140.To.Ger_87;AC;Ger_140;Ger_87;133.868808568;1149.0;1149.0;3
Ger_197.To.Ger_204;AC;Ger_197;Ger_204;134.228187919;1149.0;1149.0;3
Ger_92.To.Ger_82;AC;Ger_92;Ger_82;134.408602151;1149.0;1149.0;3
Ger_90.To.Ger_76;AC;Ger_90;Ger_76;134.589502019;1149.0;1149.0;3
Swi_22.To.Swi_18;AC;Swi_22;Swi_18;135.317997294;1053.0;1053.0;3
Bel_14.To.Bel_11;AC;Bel_14;Bel_11;135.501355014;1945.0;1945.0;3
Fra_71.To.Fra_73;AC;Fra_71;Fra_73;135.501355014;1000.0;1000.0;3
Fra_138.To.Fra_65;AC;Fra_138;Fra_65;135.685210312;1000.0;1000.0;3
Fra_225.To.Fra_233;AC;Fra_225;Fra_233;135.685210312;1000.0;1000.0;3
Ger_9.To.Swi_1;AC;Ger_9;Swi_1;136.239782016;1149.0;1149.0;3
Ger_32.To.Ger_47;AC;Ger_32;Ger_47;136.239782016;1149.0;1149.0;3
Swi_20.To.Swi_18;AC;Swi_20;Swi_18;139.664804469;1053.0;1053.0;3
Bel_8.To.Bel_11;AC;Bel_8;Bel_11;140.252454418;1945.0;1945.0;3
Swi_18.To.Swi_46;AC;Swi_18;Swi_46;140.730837285;1053.0;1053.0;3
Ger_30.To.Ger_212;AC;Ger_30;Ger_212;141.64305949;1149.0;1149.0;3
Swi_16.To.Swi_37;AC;Swi_16;Swi_37;142.813233977;1053.0;1053.0;3
Ger_57.To.Ger_43;AC;Ger_57;Ger_43;142.857142857;1149.0;1149.0;3
Ger_54.To.Ger_13;AC;Ger_54;Ger_13;143.266475645;1149.0;1149.0;3
Ger_46.To.Ger_50;AC;Ger_46;Ger_50;143.884892086;1149.0;1149.0;3
Fra_54.To.Fra_52;AC;Fra_54;Fra_52;144.717800289;1000.0;1000.0;3
Ger_196.To.Ger_213;AC;Ger_196;Ger_213;144.927536232;1149.0;1149.0;3
Ger_225.To.Ger_226;AC;Ger_225;Ger_226;145.98540146;1149.0;1149.0;3
Ger_131.To.Ger_117;AC;Ger_131;Ger_117;146.198830409;1149.0;1149.0;3
Fra_197.To.Fra_206;AC;Fra_197;Fra_206;146.198830409;1000.0;1000.0;3
Ger_31.To.Ger_41;AC;Ger_31;Ger_41;147.275405007;1149.0;1149.0;3
Net_5.To.Net_17;AC;Net_5;Net_17;147.275405007;3121.0;3121.0;3
Fra_56.To.Fra_54;AC;Fra_56;Fra_54;149.031296572;1000.0;1000.0;3
Bel_18.To.Bel_21;AC;Bel_18;Bel_21;150.15015015;1945.0;1945.0;3
Net_10.To.Net_9;AC;Net_10;Net_9;150.829562594;3121.0;3121.0;3
Ger_42.To.Ger_45;AC;Ger_42;Ger_45;151.285930408;1149.0;1149.0;3
Bel_8.To.Bel_16;AC;Bel_8;Bel_16;152.671755725;1945.0;1945.0;3
Fra_179.To.Fra_188;AC;Fra_179;Fra_188;152.671755725;1000.0;1000.0;3
Fra_82.To.Fra_89;AC;Fra_82;Fra_89;153.374233129;1000.0;1000.0;3
Ger_185.To.Ger_183;AC;Ger_185;Ger_183;154.284333212;1149.0;1149.0;3
Ger_115.To.Ger_104;AC;Ger_115;Ger_104;154.859278399;1149.0;1149.0;3
Rom_29.To.Rom_7;AC;Rom_29;Rom_7;156.00624025;99.0;99.0;3
Rom_61.To.Rom_74;AC;Rom_61;Rom_74;156.00624025;99.0;99.0;3
Rom_46.To.Rom_87;AC;Rom_46;Rom_87;156.12802498;99.0;99.0;3
Swi_13.To.Swi_11;AC;Swi_13;Swi_11;157.232704403;1053.0;1053.0;3
Ger_223.To.Ger_113;AC;Ger_223;Ger_113;157.480314961;1149.0;1149.0;3
Fra_197.To.Fra_188;AC;Fra_197;Fra_188;158.080043864;1000.0;1000.0;3
Slk_12.To.Slk_14;AC;Slk_12;Slk_14;159.598241886;707.0;707.0;3
Ger_54.To.Ger_12;AC;Ger_54;Ger_12;162.866449511;1149.0;1149.0;3
Swi_12.To.Swi_8;AC;Swi_12;Swi_8;163.312623206;1053.0;1053.0;3
Ger_18.To.Ger_25;AC;Ger_18;Ger_25;163.666121113;1149.0;1149.0;3
Ger_159.To.Ger_153;AC;Ger_159;Ger_153;164.203612479;1149.0;1149.0;3
Ger_170.To.Ger_177;AC;Ger_170;Ger_177;164.473684211;1149.0;1149.0;3
Fra_21.To.Fra_1;AC;Fra_21;Fra_1;164.744645799;1000.0;1000.0;3
Rom_17.To.Rom_49;AC;Rom_17;Rom_49;165.01650165;99.0;99.0;3
Rom_43.To.Rom_45;AC;Rom_43;Rom_45;165.01650165;99.0;99.0;3
Net_17.To.Net_3;AC;Net_17;Net_3;165.289256198;3121.0;3121.0;3
Fra_258.To.Fra_262;AC;Fra_258;Fra_262;165.562913907;1000.0;1000.0;3
Fra_128.To.Fra_133;AC;Fra_128;Fra_133;166.632013899;1000.0;1000.0;3
Pol_65.To.Ger_201;AC;Pol_65;Ger_201;166.666666667;679.0;679.0;3
Swi_19.To.Swi_13;AC;Swi_19;Swi_13;166.73964567;1053.0;1053.0;3
Ger_134.To.Ger_127;AC;Ger_134;Ger_127;166.94490818;1149.0;1149.0;3
Fra_167.To.Fra_184;AC;Fra_167;Fra_184;168.434379831;1000.0;1000.0;3
Ger_124.To.Ger_114;AC;Ger_124;Ger_114;170.068027211;1149.0;1149.0;3
Ger_2.To.Ger_99;AC;Ger_2;Ger_99;170.648464164;1149.0;1149.0;3
Fra_143.To.Fra_155;AC;Fra_143;Fra_155;171.316414897;1000.0;1000.0;3
Bel_14.To.Bel_13;AC;Bel_14;Bel_13;172.117039587;1945.0;1945.0;3
Ger_30.To.Ger_37;AC;Ger_30;Ger_37;174.520069808;1149.0;1149.0;3
Fra_304.To.Fra_306;AC;Fra_304;Fra_306;175.438596491;1000.0;1000.0;3
Swi_5.To.Swi_40;AC;Swi_5;Swi_40;175.786380117;1053.0;1053.0;3
Ger_116.To.Ger_126;AC;Ger_116;Ger_126;179.211469534;1149.0;1149.0;3
Swi_45.To.Swi_47;AC;Swi_45;Swi_47;179.533213645;1053.0;1053.0;3
Fra_47.To.Fra_52;AC;Fra_47;Fra_52;179.533213645;1000.0;1000.0;3
Fra_273.To.Fra_281;AC;Fra_273;Fra_281;180.780606217;1000.0;1000.0;3
Bel_24.To.Bel_10;AC;Bel_24;Bel_10;182.81535649;1945.0;1945.0;3
Ger_56.To.Ger_49;AC;Ger_56;Ger_49;183.15018315;1149.0;1149.0;3
Net_13.To.Net_15;AC;Net_13;Net_15;186.219739292;3121.0;3121.0;3
Ger_73.To.Ger_67;AC;Ger_73;Ger_67;188.323917137;1149.0;1149.0;3
Ger_140.To.Ger_120;AC;Ger_140;Ger_120;189.393939394;1149.0;1149.0;3
Ger_70.To.Ger_61;AC;Ger_70;Ger_61;190.839694656;1149.0;1149.0;3
Ger_175.To.Ger_8;AC;Ger_175;Ger_8;191.20458891;1149.0;1149.0;3
Fra_67.To.Fra_59;AC;Fra_67;Fra_59;191.938579655;1000.0;1000.0;3
Bel_16.To.Bel_7;AC;Bel_16;Bel_7;192.307692308;1945.0;1945.0;3
Fra_300.To.Fra_311;AC;Fra_300;Fra_311;194.174757282;1000.0;1000.0;3
Ger_169.To.Ger_183;AC;Ger_169;Ger_183;194.552529183;1149.0;1149.0;3
Aus_20.To.Aus_1;AC;Aus_20;Aus_1;196.850393701;1053.0;1053.0;3
Ger_162.To.Ger_166;AC;Ger_162;Ger_166;197.238658777;1149.0;1149.0;3
Fra_3.To.Swi_6;AC;Fra_3;Swi_6;199.203187251;10.0;10.0;3
Ger_129.To.Ger_126;AC;Ger_129;Ger_126;200.0;1149.0;1149.0;3
Ger_131.To.Ger_125;AC;Ger_131;Ger_125;201.612903226;1149.0;1149.0;3
Cze_6.To.Cze_32;AC;Cze_6;Cze_32;202.429149798;821.0;821.0;3
Net_5.To.Net_18;AC;Net_5;Net_18;203.25203252;3121.0;3121.0;3
Ger_19.To.Ger_17;AC;Ger_19;Ger_17;204.081632653;1149.0;1149.0;3
Pol_45.To.Pol_56;AC;Pol_45;Pol_56;206.18556701;679.0;679.0;3
Cze_11.To.Cze_14;AC;Cze_11;Cze_14;206.611570248;821.0;821.0;3
Ger_117.To.Ger_125;AC;Ger_117;Ger_125;206.611570248;1149.0;1149.0;3
Rom_8.To.Rom_57;AC;Rom_8;Rom_57;207.039337474;99.0;99.0;3
Ger_122.To.Ger_124;AC;Ger_122;Ger_124;211.416490486;1149.0;1149.0;3
Ger_87.To.Ger_130;AC;Ger_87;Ger_130;212.765957447;1149.0;1149.0;3
Ger_187.To.Ger_197;AC;Ger_187;Ger_197;215.982721382;1149.0;1149.0;3
Swi_1.To.Swi_47;AC;Swi_1;Swi_47;216.45021645;1053.0;1053.0;3
Fra_277.To.Fra_11;AC;Fra_277;Fra_11;217.01805712;1000.0;1000.0;3
Ger_4.To.Ger_144;AC;Ger_4;Ger_144;217.864923747;1149.0;1149.0;3
Fra_10.To.Fra_1;AC;Fra_10;Fra_1;218.341462654;1000.0;1000.0;3
Ger_5.To.Ger_162;AC;Ger_5;Ger_162;222.222222222;1149.0;1149.0;3
Swi_37.To.Swi_8;AC;Swi_37;Swi_8;223.317034167;1053.0;1053.0;3
Fra_110.To.Fra_3;AC;Fra_110;Fra_3;223.713646532;1000.0;1000.0;3
Ger_78.To.Ger_72;AC;Ger_78;Ger_72;226.244343891;1149.0;1149.0;3
Swi_3.To.Swi_1;AC;Swi_3;Swi_1;227.790432802;1053.0;1053.0;3
Ger_55.To.Ger_60;AC;Ger_55;Ger_60;228.310502283;1149.0;1149.0;3
Ger_71.To.Ger_70;AC;Ger_71;Ger_70;228.832951945;1149.0;1149.0;3
Bel_19.To.Bel_16;AC;Bel_19;Bel_16;230.414746544;1945.0;1945.0;3
Cze_3.To.Cze_7;AC;Cze_3;Cze_7;235.156999863;821.0;821.0;3
Fra_1.To.Ger_6;AC;Fra_1;Ger_6;240.384615385;10.0;10.0;3
Ger_107.To.Ger_104;AC;Ger_107;Ger_104;243.902439024;1149.0;1149.0;3
Ger_191.To.Ger_198;AC;Ger_191;Ger_198;244.498777506;1149.0;1149.0;3
Fra_167.To.Fra_157;AC;Fra_167;Fra_157;244.498777506;1000.0;1000.0;3
Slk_25.To.Slk_23;AC;Slk_25;Slk_23;247.524752475;707.0;707.0;3
Swi_33.To.Swi_40;AC;Swi_33;Swi_40;253.127056412;1053.0;1053.0;3
Rom_25.To.Rom_14;AC;Rom_25;Rom_14;274.725274725;99.0;99.0;3
Fra_138.To.Fra_106;AC;Fra_138;Fra_106;298.508127663;1000.0;1000.0;3
Ger_55.To.Ger_12;AC;Ger_55;Ger_12;298.637642347;1149.0;1149.0;3
Ger_217.To.Ger_22;AC;Ger_217;Ger_22;299.401197605;1149.0;1149.0;3
Ger_217.To.Ger_21;AC;Ger_217;Ger_21;301.204819277;1149.0;1149.0;3
Net_16.To.Net_7;AC;Net_16;Net_7;303.03030303;3121.0;3121.0;3
Aus_20.To.Swi_46;AC;Aus_20;Swi_46;305.810397554;1053.0;1053.0;3
Ger_213.To.Ger_18;AC;Ger_213;Ger_18;307.692307692;1149.0;1149.0;3
Ger_19.To.Ger_28;AC;Ger_19;Ger_28;317.46031746;1149.0;1149.0;3
Fra_271.To.Fra_262;AC;Fra_271;Fra_262;330.104677931;1000.0;1000.0;3
Net_16.To.Net_6;AC;Net_16;Net_6;340.136054422;3121.0;3121.0;3
Fra_296.To.Fra_284;AC;Fra_296;Fra_284;341.427204957;1000.0;1000.0;3
Fra_202.To.Fra_11;AC;Fra_202;Fra_11;349.976738253;1000.0;1000.0;3
Rom_11.To.Rom_45;AC;Rom_11;Rom_45;352.399387347;99.0;99.0;3
Swi_3.To.Ger_9;AC;Swi_3;Ger_9;353.356890459;1053.0;1053.0;3
Pol_67.To.Pol_34;AC;Pol_67;Pol_34;373.134328358;679.0;679.0;3
Ger_42.To.Ger_12;AC;Ger_42;Ger_12;381.210433204;1149.0;1149.0;3
Rom_12.To.Rom_23;AC;Rom_12;Rom_23;413.223140496;99.0;99.0;3
Rom_19.To.Rom_34;AC;Rom_19;Rom_34;413.223140496;99.0;99.0;3
Rom_88.To.Rom_66;AC;Rom_88;Rom_66;549.450549451;99.0;99.0;3
Rom_86.To.Rom_77;AC;Rom_86;Rom_77;1379.31034483;99.0;99.0;3
Ger_158.To.Ger_1;DC;Ger_158;Ger_1;100000.0;1149.0;1149.0;3
Ger_168.To.Dnk_1;DC;Ger_168;Dnk_1;100000.0;1149.0;1149.0;3
Cro_11.To.Cro_1;DC;Cro_11;Cro_1;100000.0;734.0;734.0;3
Net_7.To.Net_1;DC;Net_7;Net_1;100000.0;3121.0;3121.0;3
Rom_43.To.Rom_1;DC;Rom_43;Rom_1;100000.0;99.0;99.0;3
Slk_22.To.Hun_1;DC;Slk_22;Hun_1;100000.0;707.0;707.0;3
