Load,BusLoad,DynamicProfileLoad,ReferenceValueLoad,LoadValuation
Load_Fra_12,Fra_12,Fra_Load,271.077312000528,3000
Load_Fra_115,Fra_115,Fra_Load,927.678555449151,3000
Load_Fra_223,Fra_223,Fra_Load,276.200939746646,3000
Load_Fra_253,Fra_253,Fra_Load,288.32963983053,3000
Load_Fra_263,Fra_263,Fra_Load,397.247245401322,3000
Load_Fra_284,Fra_284,Fra_Load,1870.46410814814,3000
Load_Fra_285,Fra_285,Fra_Load,363.448550437678,3000
Load_Fra_296,Fra_296,Fra_Load,917.770646648636,3000
Load_Fra_307,Fra_307,Fra_Load,871.086289253002,3000
Load_Fra_13,Fra_13,Fra_Load,759.375731772867,3000
Load_Fra_24,Fra_24,Fra_Load,1295.94907199829,3000
Load_Fra_43,Fra_43,Fra_Load,131.553823572247,3000
Load_Fra_44,Fra_44,Fra_Load,105.580938006429,3000
Load_Fra_55,Fra_55,Fra_Load,342.16980979218,3000
Load_Fra_65,Fra_65,Fra_Load,74.0710667248427,3000
Load_Fra_74,Fra_74,Fra_Load,210.56290101936,3000
Load_Fra_95,Fra_95,Fra_Load,84.9348714919954,3000
Load_Fra_96,Fra_96,Fra_Load,143.705080336922,3000
Load_Fra_106,Fra_106,Fra_Load,79.5204528007581,3000
Load_Fra_116,Fra_116,Fra_Load,715.077853086965,3000
Load_Fra_127,Fra_127,Fra_Load,248.18871282365,3000
Load_Fra_138,Fra_138,Fra_Load,103.808743844629,3000
Load_Fra_148,Fra_148,Fra_Load,212.187163214375,3000
Load_Fra_159,Fra_159,Fra_Load,121.635134671274,3000
Load_Fra_8,Fra_8,Fra_Load,533.264936453857,3000
Load_Fra_180,Fra_180,Fra_Load,173.716789422123,3000
Load_Fra_191,Fra_191,Fra_Load,81.344735683258,3000
Load_Fra_202,Fra_202,Fra_Load,234.186268219872,3000
Load_Fra_212,Fra_212,Fra_Load,41.4923348945115,3000
Load_Fra_224,Fra_224,Fra_Load,98.0895834900319,3000
Load_Fra_234,Fra_234,Fra_Load,123.001942702417,3000
Load_Fra_245,Fra_245,Fra_Load,166.157855452437,3000
Load_Fra_247,Fra_247,Fra_Load,75.9312228828154,3000
Load_Fra_248,Fra_248,Fra_Load,568.933661785136,3000
Load_Fra_249,Fra_249,Fra_Load,33.6796609132104,3000
Load_Fra_250,Fra_250,Fra_Load,260.774615991653,3000
Load_Fra_251,Fra_251,Fra_Load,83.9025183422799,3000
Load_Fra_252,Fra_252,Fra_Load,277.103841101789,3000
Load_Fra_11,Fra_11,Fra_Load,635.483479597354,3000
Load_Fra_254,Fra_254,Fra_Load,299.832188197072,3000
Load_Fra_255,Fra_255,Fra_Load,181.206513335091,3000
Load_Fra_256,Fra_256,Fra_Load,400.502292205074,3000
Load_Fra_257,Fra_257,Fra_Load,66.4763500687624,3000
Load_Fra_258,Fra_258,Fra_Load,145.981130958771,3000
Load_Fra_259,Fra_259,Fra_Load,205.046479024631,3000
Load_Fra_260,Fra_260,Fra_Load,109.638604054345,3000
Load_Fra_261,Fra_261,Fra_Load,659.19797941182,3000
Load_Fra_262,Fra_262,Fra_Load,214.608699897864,3000
Load_Fra_264,Fra_264,Fra_Load,190.141495422028,3000
Load_Fra_265,Fra_265,Fra_Load,708.166178090138,3000
Load_Fra_266,Fra_266,Fra_Load,892.227696854014,3000
Load_Fra_267,Fra_267,Fra_Load,49.8855942861781,3000
Load_Fra_268,Fra_268,Fra_Load,920.42499726638,3000
Load_Fra_269,Fra_269,Fra_Load,106.344422768258,3000
Load_Fra_270,Fra_270,Fra_Load,48.2484684418768,3000
Load_Fra_271,Fra_271,Fra_Load,253.773348395224,3000
Load_Fra_272,Fra_272,Fra_Load,309.912488015831,3000
Load_Fra_273,Fra_273,Fra_Load,165.000127016726,3000
Load_Fra_274,Fra_274,Fra_Load,214.693128919936,3000
Load_Fra_275,Fra_275,Fra_Load,373.977719145245,3000
Load_Fra_276,Fra_276,Fra_Load,197.037860864423,3000
Load_Fra_277,Fra_277,Fra_Load,200.723568152008,3000
Load_Fra_278,Fra_278,Fra_Load,81.8564733932213,3000
Load_Fra_279,Fra_279,Fra_Load,300.888275685611,3000
Load_Fra_280,Fra_280,Fra_Load,176.122835373023,3000
Load_Fra_281,Fra_281,Fra_Load,28.5356506242108,3000
Load_Fra_282,Fra_282,Fra_Load,315.423837022109,3000
Load_Fra_283,Fra_283,Fra_Load,36.4543138284995,3000
Load_Fra_286,Fra_286,Fra_Load,163.256377825881,3000
Load_Fra_287,Fra_287,Fra_Load,299.46919775561,3000
Load_Fra_288,Fra_288,Fra_Load,252.528926210454,3000
Load_Fra_289,Fra_289,Fra_Load,660.034207204468,3000
Load_Fra_290,Fra_290,Fra_Load,318.576246398815,3000
Load_Fra_291,Fra_291,Fra_Load,87.546373475147,3000
Load_Fra_292,Fra_292,Fra_Load,974.527150845875,3000
Load_Fra_293,Fra_293,Fra_Load,674.082580471542,3000
Load_Fra_294,Fra_294,Fra_Load,4873.73487153067,3000
Load_Fra_295,Fra_295,Fra_Load,641.698705751164,3000
Load_Fra_297,Fra_297,Fra_Load,162.204276256839,3000
Load_Fra_298,Fra_298,Fra_Load,8995.71373053048,3000
Load_Fra_299,Fra_299,Fra_Load,249.286743055987,3000
Load_Fra_300,Fra_300,Fra_Load,437.379475856571,3000
Load_Fra_301,Fra_301,Fra_Load,221.531698529626,3000
Load_Fra_302,Fra_302,Fra_Load,165.057288725876,3000
Load_Fra_303,Fra_303,Fra_Load,81.5899603214011,3000
Load_Fra_304,Fra_304,Fra_Load,30.7038096524039,3000
Load_Fra_305,Fra_305,Fra_Load,418.557329868319,3000
Load_Fra_306,Fra_306,Fra_Load,74.6197647792326,3000
Load_Fra_308,Fra_308,Fra_Load,213.423341792913,3000
Load_Fra_309,Fra_309,Fra_Load,714.691128306679,3000
Load_Fra_310,Fra_310,Fra_Load,174.237495450956,3000
Load_Fra_311,Fra_311,Fra_Load,65.7847024469586,3000
Load_Fra_312,Fra_312,Fra_Load,193.029928221139,3000
Load_Fra_313,Fra_313,Fra_Load,43.4700756776448,3000
Load_Fra_314,Fra_314,Fra_Load,75.7528529853259,3000
Load_Fra_315,Fra_315,Fra_Load,114.030724983689,3000
Load_Fra_316,Fra_316,Fra_Load,144.97568276566,3000
Load_Fra_317,Fra_317,Fra_Load,1077.92670381851,3000
Load_Fra_14,Fra_14,Fra_Load,245.671695250393,3000
Load_Fra_15,Fra_15,Fra_Load,124.273722789189,3000
Load_Fra_16,Fra_16,Fra_Load,222.205500102773,3000
Load_Fra_17,Fra_17,Fra_Load,91.8576889455977,3000
Load_Fra_18,Fra_18,Fra_Load,71.2195036810781,3000
Load_Fra_19,Fra_19,Fra_Load,588.01525489701,3000
Load_Fra_20,Fra_20,Fra_Load,86.9329042289314,3000
Load_Fra_21,Fra_21,Fra_Load,139.364776361038,3000
Load_Fra_22,Fra_22,Fra_Load,223.248905120184,3000
Load_Fra_23,Fra_23,Fra_Load,198.871021476712,3000
Load_Fra_25,Fra_25,Fra_Load,126.668263926994,3000
Load_Fra_26,Fra_26,Fra_Load,71.957532911574,3000
Load_Fra_1,Fra_1,Fra_Load,172.770495897911,3000
Load_Fra_27,Fra_27,Fra_Load,259.289679800873,3000
Load_Fra_28,Fra_28,Fra_Load,307.595944075456,3000
Load_Fra_29,Fra_29,Fra_Load,147.295578501976,3000
Load_Fra_30,Fra_30,Fra_Load,31.1325677655667,3000
Load_Fra_31,Fra_31,Fra_Load,270.54736588559,3000
Load_Fra_32,Fra_32,Fra_Load,286.871155650956,3000
Load_Fra_33,Fra_33,Fra_Load,82.0910991090658,3000
Load_Fra_34,Fra_34,Fra_Load,141.98488430674,3000
Load_Fra_35,Fra_35,Fra_Load,355.881282272679,3000
Load_Fra_36,Fra_36,Fra_Load,74.4930306570448,3000
Load_Fra_37,Fra_37,Fra_Load,820.6300743552,3000
Load_Fra_38,Fra_38,Fra_Load,46.3826051718972,3000
Load_Fra_39,Fra_39,Fra_Load,136.43240785838,3000
Load_Fra_40,Fra_40,Fra_Load,283.362459424669,3000
Load_Fra_41,Fra_41,Fra_Load,35.9946648392352,3000
Load_Fra_42,Fra_42,Fra_Load,227.80173107652,3000
Load_Fra_10,Fra_10,Fra_Load,342.544123868578,3000
Load_Fra_45,Fra_45,Fra_Load,568.093176305752,3000
Load_Fra_46,Fra_46,Fra_Load,284.386478379072,3000
Load_Fra_47,Fra_47,Fra_Load,120.063323553275,3000
Load_Fra_48,Fra_48,Fra_Load,182.873533575619,3000
Load_Fra_49,Fra_49,Fra_Load,27.0912077519563,3000
Load_Fra_50,Fra_50,Fra_Load,553.903937020093,3000
Load_Fra_51,Fra_51,Fra_Load,244.617238365285,3000
Load_Fra_52,Fra_52,Fra_Load,878.649843265742,3000
Load_Fra_53,Fra_53,Fra_Load,269.521444560518,3000
Load_Fra_54,Fra_54,Fra_Load,169.252740763676,3000
Load_Fra_56,Fra_56,Fra_Load,30.6212830010007,3000
Load_Fra_6,Fra_6,Fra_Load,112.535642816007,3000
Load_Fra_57,Fra_57,Fra_Load,167.742077274324,3000
Load_Fra_58,Fra_58,Fra_Load,56.4341882524626,3000
Load_Fra_59,Fra_59,Fra_Load,66.7242923792899,3000
Load_Fra_60,Fra_60,Fra_Load,65.2055664618645,3000
Load_Fra_61,Fra_61,Fra_Load,454.751290682403,3000
Load_Fra_62,Fra_62,Fra_Load,78.9588910970826,3000
Load_Fra_63,Fra_63,Fra_Load,501.554048004913,3000
Load_Fra_64,Fra_64,Fra_Load,61.8237855359233,3000
Load_Fra_66,Fra_66,Fra_Load,253.366059893898,3000
Load_Fra_67,Fra_67,Fra_Load,225.84056809493,3000
Load_Fra_68,Fra_68,Fra_Load,70.8145704958177,3000
Load_Fra_69,Fra_69,Fra_Load,304.988156244563,3000
Load_Fra_70,Fra_70,Fra_Load,66.9071011416737,3000
Load_Fra_71,Fra_71,Fra_Load,441.147890973719,3000
Load_Fra_72,Fra_72,Fra_Load,195.92714816096,3000
Load_Fra_73,Fra_73,Fra_Load,227.296696958437,3000
Load_Fra_75,Fra_75,Fra_Load,761.679230885798,3000
Load_Fra_76,Fra_76,Fra_Load,205.518629306864,3000
Load_Fra_77,Fra_77,Fra_Load,132.347293319383,3000
Load_Fra_78,Fra_78,Fra_Load,355.750652820074,3000
Load_Fra_79,Fra_79,Fra_Load,371.683188351182,3000
Load_Fra_80,Fra_80,Fra_Load,205.914684762335,3000
Load_Fra_81,Fra_81,Fra_Load,184.550065669493,3000
Load_Fra_82,Fra_82,Fra_Load,165.388754167681,3000
Load_Fra_83,Fra_83,Fra_Load,125.757118965619,3000
Load_Fra_84,Fra_84,Fra_Load,217.841824144385,3000
Load_Fra_85,Fra_85,Fra_Load,208.407062105976,3000
Load_Fra_86,Fra_86,Fra_Load,88.2276033528111,3000
Load_Fra_87,Fra_87,Fra_Load,264.637515518695,3000
Load_Fra_88,Fra_88,Fra_Load,96.17226562291,3000
Load_Fra_89,Fra_89,Fra_Load,100.059171256012,3000
Load_Fra_90,Fra_90,Fra_Load,138.598392748666,3000
Load_Fra_91,Fra_91,Fra_Load,83.5600010327789,3000
Load_Fra_92,Fra_92,Fra_Load,116.18891921314,3000
Load_Fra_93,Fra_93,Fra_Load,728.620286345161,3000
Load_Fra_94,Fra_94,Fra_Load,92.9915924534064,3000
Load_Fra_97,Fra_97,Fra_Load,166.394021182632,3000
Load_Fra_98,Fra_98,Fra_Load,213.817857234033,3000
Load_Fra_99,Fra_99,Fra_Load,156.105366481077,3000
Load_Fra_100,Fra_100,Fra_Load,86.1152471975756,3000
Load_Fra_3,Fra_3,Fra_Load,99.3712377864671,3000
Load_Fra_101,Fra_101,Fra_Load,111.313867901107,3000
Load_Fra_102,Fra_102,Fra_Load,133.978802640757,3000
Load_Fra_103,Fra_103,Fra_Load,262.169234870196,3000
Load_Fra_104,Fra_104,Fra_Load,34.8371175816831,3000
Load_Fra_105,Fra_105,Fra_Load,119.059234196357,3000
Load_Fra_107,Fra_107,Fra_Load,339.627880222067,3000
Load_Fra_5,Fra_5,Fra_Load,96.8071138918814,3000
Load_Fra_108,Fra_108,Fra_Load,232.871639498507,3000
Load_Fra_109,Fra_109,Fra_Load,101.820313550118,3000
Load_Fra_110,Fra_110,Fra_Load,82.7458769755227,3000
Load_Fra_111,Fra_111,Fra_Load,133.724609683745,3000
Load_Fra_112,Fra_112,Fra_Load,378.325542014724,3000
Load_Fra_113,Fra_113,Fra_Load,41.5695167902256,3000
Load_Fra_114,Fra_114,Fra_Load,151.861539874836,3000
Load_Fra_117,Fra_117,Fra_Load,234.659233803819,3000
Load_Fra_118,Fra_118,Fra_Load,62.9335017595118,3000
Load_Fra_119,Fra_119,Fra_Load,516.658055815127,3000
Load_Fra_120,Fra_120,Fra_Load,17.5478294072547,3000
Load_Fra_121,Fra_121,Fra_Load,2338.6675147765,3000
Load_Fra_122,Fra_122,Fra_Load,56.0914897648026,3000
Load_Fra_123,Fra_123,Fra_Load,176.267777900185,3000
Load_Fra_124,Fra_124,Fra_Load,244.658184629208,3000
Load_Fra_125,Fra_125,Fra_Load,48.081603357481,3000
Load_Fra_126,Fra_126,Fra_Load,420.087017064361,3000
Load_Fra_128,Fra_128,Fra_Load,88.0639994752764,3000
Load_Fra_129,Fra_129,Fra_Load,127.451950053546,3000
Load_Fra_130,Fra_130,Fra_Load,21.6123802252111,3000
Load_Fra_131,Fra_131,Fra_Load,790.82056009539,3000
Load_Fra_132,Fra_132,Fra_Load,30.9493060577855,3000
Load_Fra_133,Fra_133,Fra_Load,909.65413689477,3000
Load_Fra_134,Fra_134,Fra_Load,221.914075034096,3000
Load_Fra_135,Fra_135,Fra_Load,7.47658849644284,3000
Load_Fra_136,Fra_136,Fra_Load,18.6422360764116,3000
Load_Fra_137,Fra_137,Fra_Load,13.6628261448209,3000
Load_Fra_139,Fra_139,Fra_Load,258.133400790433,3000
Load_Fra_140,Fra_140,Fra_Load,560.585968700446,3000
Load_Fra_141,Fra_141,Fra_Load,122.209831791474,3000
Load_Fra_142,Fra_142,Fra_Load,232.226464074475,3000
Load_Fra_143,Fra_143,Fra_Load,273.66109372536,3000
Load_Fra_144,Fra_144,Fra_Load,127.943667576946,3000
Load_Fra_145,Fra_145,Fra_Load,66.1078336934515,3000
Load_Fra_146,Fra_146,Fra_Load,37.3353832154889,3000
Load_Fra_147,Fra_147,Fra_Load,788.804771898876,3000
Load_Fra_149,Fra_149,Fra_Load,200.197698545646,3000
Load_Fra_150,Fra_150,Fra_Load,149.213258725417,3000
Load_Fra_151,Fra_151,Fra_Load,79.8662313171202,3000
Load_Fra_152,Fra_152,Fra_Load,7.29106206167474,3000
Load_Fra_153,Fra_153,Fra_Load,46.8662602672228,3000
Load_Fra_154,Fra_154,Fra_Load,158.824760057885,3000
Load_Fra_155,Fra_155,Fra_Load,257.18375547028,3000
Load_Fra_156,Fra_156,Fra_Load,222.063275247995,3000
Load_Fra_157,Fra_157,Fra_Load,35.1297203083925,3000
Load_Fra_158,Fra_158,Fra_Load,60.5616078915758,3000
Load_Fra_160,Fra_160,Fra_Load,226.393342657897,3000
Load_Fra_161,Fra_161,Fra_Load,11.7911651737547,3000
Load_Fra_162,Fra_162,Fra_Load,73.5462841874347,3000
Load_Fra_163,Fra_163,Fra_Load,63.7982651121955,3000
Load_Fra_164,Fra_164,Fra_Load,228.947592342819,3000
Load_Fra_165,Fra_165,Fra_Load,163.041591118442,3000
Load_Fra_166,Fra_166,Fra_Load,88.6535532045101,3000
Load_Fra_167,Fra_167,Fra_Load,181.876963112297,3000
Load_Fra_168,Fra_168,Fra_Load,23.3103819309206,3000
Load_Fra_169,Fra_169,Fra_Load,510.412210552453,3000
Load_Fra_170,Fra_170,Fra_Load,17.4506273249763,3000
Load_Fra_171,Fra_171,Fra_Load,85.7803393707506,3000
Load_Fra_172,Fra_172,Fra_Load,339.873557805607,3000
Load_Fra_173,Fra_173,Fra_Load,148.809231430951,3000
Load_Fra_174,Fra_174,Fra_Load,95.1716186510106,3000
Load_Fra_175,Fra_175,Fra_Load,32.0717953415801,3000
Load_Fra_176,Fra_176,Fra_Load,58.7336108568173,3000
Load_Fra_177,Fra_177,Fra_Load,106.269958544929,3000
Load_Fra_178,Fra_178,Fra_Load,95.2855797129926,3000
Load_Fra_179,Fra_179,Fra_Load,177.559215817203,3000
Load_Fra_181,Fra_181,Fra_Load,41.5517613306482,3000
Load_Fra_182,Fra_182,Fra_Load,143.071228547823,3000
Load_Fra_183,Fra_183,Fra_Load,996.896584008271,3000
Load_Fra_184,Fra_184,Fra_Load,589.828485911813,3000
Load_Fra_185,Fra_185,Fra_Load,81.0833861889679,3000
Load_Fra_186,Fra_186,Fra_Load,139.227443316551,3000
Load_Fra_187,Fra_187,Fra_Load,211.487815520816,3000
Load_Fra_188,Fra_188,Fra_Load,351.392049850137,3000
Load_Fra_189,Fra_189,Fra_Load,93.2286640743967,3000
Load_Fra_190,Fra_190,Fra_Load,52.1782227095721,3000
Load_Fra_192,Fra_192,Fra_Load,18.8832030278193,3000
Load_Fra_193,Fra_193,Fra_Load,8.42442203500657,3000
Load_Fra_194,Fra_194,Fra_Load,420.483253697992,3000
Load_Fra_195,Fra_195,Fra_Load,234.935711674382,3000
Load_Fra_196,Fra_196,Fra_Load,293.546030794031,3000
Load_Fra_197,Fra_197,Fra_Load,405.122697614699,3000
Load_Fra_198,Fra_198,Fra_Load,54.4700358312508,3000
Load_Fra_199,Fra_199,Fra_Load,90.390961159792,3000
Load_Fra_200,Fra_200,Fra_Load,113.094849203617,3000
Load_Fra_201,Fra_201,Fra_Load,244.072073284995,3000
Load_Fra_203,Fra_203,Fra_Load,793.53252536768,3000
Load_Fra_204,Fra_204,Fra_Load,335.455800166772,3000
Load_Fra_205,Fra_205,Fra_Load,59.5356865665032,3000
Load_Fra_206,Fra_206,Fra_Load,158.368462864561,3000
Load_Fra_4,Fra_4,Fra_Load,86.3703460453818,3000
Load_Fra_207,Fra_207,Fra_Load,291.305762858575,3000
Load_Fra_208,Fra_208,Fra_Load,116.545024884563,3000
Load_Fra_209,Fra_209,Fra_Load,104.812017899832,3000
Load_Fra_210,Fra_210,Fra_Load,313.681990201933,3000
Load_Fra_211,Fra_211,Fra_Load,278.573648916297,3000
Load_Fra_213,Fra_213,Fra_Load,610.456978144829,3000
Load_Fra_214,Fra_214,Fra_Load,453.416279418156,3000
Load_Fra_215,Fra_215,Fra_Load,640.425476239121,3000
Load_Fra_216,Fra_216,Fra_Load,254.380748173115,3000
Load_Fra_217,Fra_217,Fra_Load,250.532795844188,3000
Load_Fra_218,Fra_218,Fra_Load,159.798502073179,3000
Load_Fra_219,Fra_219,Fra_Load,59.4132101310508,3000
Load_Fra_220,Fra_220,Fra_Load,151.351070411985,3000
Load_Fra_221,Fra_221,Fra_Load,476.05104799434,3000
Load_Fra_222,Fra_222,Fra_Load,761.126275144673,3000
Load_Fra_225,Fra_225,Fra_Load,71.9088865758951,3000
Load_Fra_226,Fra_226,Fra_Load,162.708766840444,3000
Load_Fra_227,Fra_227,Fra_Load,182.695707212606,3000
Load_Fra_228,Fra_228,Fra_Load,206.786514063218,3000
Load_Fra_7,Fra_7,Fra_Load,437.686663425077,3000
Load_Fra_229,Fra_229,Fra_Load,206.786514063218,3000
Load_Fra_230,Fra_230,Fra_Load,825.545347218522,3000
Load_Fra_231,Fra_231,Fra_Load,223.904317110198,3000
Load_Fra_232,Fra_232,Fra_Load,223.377903969359,3000
Load_Fra_233,Fra_233,Fra_Load,62.4284676414297,3000
Load_Fra_235,Fra_235,Fra_Load,138.804935849873,3000
Load_Fra_236,Fra_236,Fra_Load,330.107511503551,3000
Load_Fra_237,Fra_237,Fra_Load,47.630379152608,3000
Load_Fra_238,Fra_238,Fra_Load,95.5133206587965,3000
Load_Fra_239,Fra_239,Fra_Load,199.848749411502,3000
Load_Fra_240,Fra_240,Fra_Load,232.753692517029,3000
Load_Fra_241,Fra_241,Fra_Load,116.139819932064,3000
Load_Fra_242,Fra_242,Fra_Load,118.060851951445,3000
Load_Fra_243,Fra_243,Fra_Load,50.5543228708745,3000
Load_Fra_244,Fra_244,Fra_Load,22.0434030653608,3000
Load_Fra_9,Fra_9,Fra_Load,9.10465543279642,3000
Load_Fra_2,Fra_2,Fra_Load,662.572513211403,3000
Load_Fra_246,Fra_246,Fra_Load,240.322500696379,3000
Load_Bel_7,Bel_7,Bel_Load,316.561609791959,3000
Load_Bel_16,Bel_16,Bel_Load,173.196901495243,3000
Load_Bel_18,Bel_18,Bel_Load,324.510340888564,3000
Load_Bel_19,Bel_19,Bel_Load,936.63580663347,3000
Load_Bel_20,Bel_20,Bel_Load,431.808409092229,3000
Load_Bel_21,Bel_21,Bel_Load,765.796740414519,3000
Load_Bel_22,Bel_22,Bel_Load,611.396478259963,3000
Load_Bel_23,Bel_23,Bel_Load,1325.94437114948,3000
Load_Bel_24,Bel_24,Bel_Load,614.639497649408,3000
Load_Bel_8,Bel_8,Bel_Load,1692.89480354173,3000
Load_Bel_9,Bel_9,Bel_Load,782.594901553748,3000
Load_Bel_10,Bel_10,Bel_Load,897.615687477897,3000
Load_Bel_11,Bel_11,Bel_Load,925.719863750656,3000
Load_Bel_1,Bel_1,Bel_Load,263.70844468433,3000
Load_Bel_12,Bel_12,Bel_Load,647.904662110074,3000
Load_Bel_13,Bel_13,Bel_Load,264.694580041083,3000
Load_Bel_14,Bel_14,Bel_Load,295.966298137977,3000
Load_Bel_15,Bel_15,Bel_Load,683.103205372119,3000
Load_Bel_2,Bel_2,Bel_Load,250.385396447869,3000
Load_Bel_17,Bel_17,Bel_Load,126.941733555043,3000
Load_Bel_3,Bel_3,Bel_Load,65.305181274434,3000
Load_Bel_5,Bel_5,Bel_Load,696.538002337219,3000
Load_Bel_4,Bel_4,Bel_Load,535.618155819195,3000
Load_Swi_7,Swi_7,Swi_Load,429.12677168355,3000
Load_Swi_16,Swi_16,Swi_Load,246.350294011759,3000
Load_Swi_3,Swi_3,Swi_Load,143.216238765281,3000
Load_Swi_37,Swi_37,Swi_Load,769.4821977012,3000
Load_Swi_1,Swi_1,Swi_Load,198.665831044031,3000
Load_Swi_44,Swi_44,Swi_Load,956.105487706543,3000
Load_Swi_45,Swi_45,Swi_Load,65.4279278277893,3000
Load_Swi_46,Swi_46,Swi_Load,272.629429297529,3000
Load_Swi_47,Swi_47,Swi_Load,210.84489880667,3000
Load_Swi_2,Swi_2,Swi_Load,108.983979816225,3000
Load_Swi_8,Swi_8,Swi_Load,177.999319202058,3000
Load_Swi_9,Swi_9,Swi_Load,110.300824268056,3000
Load_Swi_10,Swi_10,Swi_Load,66.4115095642432,3000
Load_Swi_11,Swi_11,Swi_Load,120.388282975595,3000
Load_Swi_12,Swi_12,Swi_Load,194.895630828954,3000
Load_Swi_13,Swi_13,Swi_Load,433.063848807977,3000
Load_Swi_14,Swi_14,Swi_Load,211.707374463531,3000
Load_Swi_4,Swi_4,Swi_Load,33.3660509069361,3000
Load_Swi_15,Swi_15,Swi_Load,942.468923500205,3000
Load_Swi_17,Swi_17,Swi_Load,21.835043090085,3000
Load_Swi_18,Swi_18,Swi_Load,56.7877506148238,3000
Load_Swi_19,Swi_19,Swi_Load,10.5888752009069,3000
Load_Swi_20,Swi_20,Swi_Load,3.06635093173088,3000
Load_Swi_21,Swi_21,Swi_Load,30.1833084875182,3000
Load_Swi_22,Swi_22,Swi_Load,28.006934998768,3000
Load_Swi_23,Swi_23,Swi_Load,31.804342337971,3000
Load_Swi_24,Swi_24,Swi_Load,4.95287523890776,3000
Load_Swi_25,Swi_25,Swi_Load,305.262754045693,3000
Load_Swi_26,Swi_26,Swi_Load,16.5797464245204,3000
Load_Swi_27,Swi_27,Swi_Load,89.2336703347117,3000
Load_Swi_28,Swi_28,Swi_Load,2.57004191292707,3000
Load_Swi_29,Swi_29,Swi_Load,77.1959421085972,3000
Load_Swi_30,Swi_30,Swi_Load,641.565202554553,3000
Load_Swi_31,Swi_31,Swi_Load,13.9419322529402,3000
Load_Swi_32,Swi_32,Swi_Load,60.9194028760512,3000
Load_Swi_33,Swi_33,Swi_Load,101.107959374741,3000
Load_Swi_34,Swi_34,Swi_Load,51.4876653261493,3000
Load_Swi_35,Swi_35,Swi_Load,73.4132678691013,3000
Load_Swi_36,Swi_36,Swi_Load,56.847959882294,3000
Load_Swi_38,Swi_38,Swi_Load,83.5195849442645,3000
Load_Swi_39,Swi_39,Swi_Load,25.0432246616641,3000
Load_Swi_40,Swi_40,Swi_Load,72.9332634806402,3000
Load_Swi_41,Swi_41,Swi_Load,39.6770232768552,3000
Load_Swi_42,Swi_42,Swi_Load,158.842360756086,3000
Load_Swi_5,Swi_5,Swi_Load,71.8343706838112,3000
Load_Swi_6,Swi_6,Swi_Load,389.424702137192,3000
Load_Swi_43,Swi_43,Swi_Load,29.9396230183608,3000
Load_Lux_1,Lux_1,Lux_Load,114.862328716552,3000
Load_Lux_2,Lux_2,Lux_Load,173.188432749856,3000
Load_Lux_3,Lux_3,Lux_Load,572.949238533593,3000
Load_Net_7,Net_7,Net_Load,91.9931703685672,3000
Load_Net_16,Net_16,Net_Load,98.5177817116129,3000
Load_Net_19,Net_19,Net_Load,515.879611340206,3000
Load_Net_20,Net_20,Net_Load,550.346506636434,3000
Load_Net_6,Net_6,Net_Load,201.856595383499,3000
Load_Net_21,Net_21,Net_Load,209.979300957749,3000
Load_Net_22,Net_22,Net_Load,277.556205923577,3000
Load_Net_23,Net_23,Net_Load,486.836536913381,3000
Load_Net_24,Net_24,Net_Load,279.810354994913,3000
Load_Net_8,Net_8,Net_Load,382.65907558112,3000
Load_Net_9,Net_9,Net_Load,3337.5670592943,3000
Load_Net_4,Net_4,Net_Load,600.160037721381,3000
Load_Net_10,Net_10,Net_Load,2049.84445284648,3000
Load_Net_11,Net_11,Net_Load,994.504123388925,3000
Load_Net_12,Net_12,Net_Load,2102.34640153193,3000
Load_Net_13,Net_13,Net_Load,1654.90641715792,3000
Load_Net_14,Net_14,Net_Load,1453.35476341435,3000
Load_Net_3,Net_3,Net_Load,858.761015482628,3000
Load_Net_15,Net_15,Net_Load,674.430539614853,3000
Load_Net_17,Net_17,Net_Load,861.163332231027,3000
Load_Net_5,Net_5,Net_Load,403.056089216433,3000
Load_Net_18,Net_18,Net_Load,507.212965243481,3000
Load_Net_2,Net_2,Net_Load,183.460426894364,3000
Load_Ger_15,Ger_15,Ger_Load,237.610059420726,3000
Load_Ger_119,Ger_119,Ger_Load,38.892357630584,3000
Load_Ger_147,Ger_147,Ger_Load,201.207983463461,3000
Load_Ger_158,Ger_158,Ger_Load,264.138561496849,3000
Load_Ger_168,Ger_168,Ger_Load,34.056862104274,3000
Load_Ger_179,Ger_179,Ger_Load,203.186440654606,3000
Load_Ger_189,Ger_189,Ger_Load,237.375666065411,3000
Load_Ger_200,Ger_200,Ger_Load,184.976736030903,3000
Load_Ger_211,Ger_211,Ger_Load,218.425948134213,3000
Load_Ger_16,Ger_16,Ger_Load,143.321589830296,3000
Load_Ger_27,Ger_27,Ger_Load,693.074560824029,3000
Load_Ger_38,Ger_38,Ger_Load,105.956925362589,3000
Load_Ger_48,Ger_48,Ger_Load,272.132261274523,3000
Load_Ger_58,Ger_58,Ger_Load,240.582324741487,3000
Load_Ger_69,Ger_69,Ger_Load,325.22166686118,3000
Load_Ger_80,Ger_80,Ger_Load,143.259150591947,3000
Load_Ger_87,Ger_87,Ger_Load,880.49036653465,3000
Load_Ger_98,Ger_98,Ger_Load,94.9510739999094,3000
Load_Ger_108,Ger_108,Ger_Load,153.071270080772,3000
Load_Ger_120,Ger_120,Ger_Load,80.0083991139664,3000
Load_Ger_130,Ger_130,Ger_Load,1222.18565143656,3000
Load_Ger_137,Ger_137,Ger_Load,117.274775947806,3000
Load_Ger_140,Ger_140,Ger_Load,707.276336041049,3000
Load_Ger_142,Ger_142,Ger_Load,145.819947241066,3000
Load_Ger_143,Ger_143,Ger_Load,395.528544695573,3000
Load_Ger_144,Ger_144,Ger_Load,25.8812612647232,3000
Load_Ger_145,Ger_145,Ger_Load,35.4457904614208,3000
Load_Ger_4,Ger_4,Ger_Load,116.632065428147,3000
Load_Ger_146,Ger_146,Ger_Load,213.496104358159,3000
Load_Ger_148,Ger_148,Ger_Load,532.52377907823,3000
Load_Ger_149,Ger_149,Ger_Load,136.379607128845,3000
Load_Ger_150,Ger_150,Ger_Load,150.48604925009,3000
Load_Ger_151,Ger_151,Ger_Load,465.72049099818,3000
Load_Ger_152,Ger_152,Ger_Load,181.993932857613,3000
Load_Ger_153,Ger_153,Ger_Load,2043.71860427962,3000
Load_Ger_154,Ger_154,Ger_Load,321.890523646818,3000
Load_Ger_155,Ger_155,Ger_Load,168.756814327698,3000
Load_Ger_156,Ger_156,Ger_Load,34.995124917756,3000
Load_Ger_157,Ger_157,Ger_Load,161.34131765467,3000
Load_Ger_5,Ger_5,Ger_Load,125.367748205378,3000
Load_Ger_159,Ger_159,Ger_Load,2388.04864776754,3000
Load_Ger_160,Ger_160,Ger_Load,205.947751955584,3000
Load_Ger_161,Ger_161,Ger_Load,154.856106542274,3000
Load_Ger_162,Ger_162,Ger_Load,74.8395332062524,3000
Load_Ger_163,Ger_163,Ger_Load,319.571703667451,3000
Load_Ger_164,Ger_164,Ger_Load,347.747754668392,3000
Load_Ger_165,Ger_165,Ger_Load,449.082305185722,3000
Load_Ger_166,Ger_166,Ger_Load,183.226073726667,3000
Load_Ger_167,Ger_167,Ger_Load,218.239615265198,3000
Load_Ger_169,Ger_169,Ger_Load,252.864635044603,3000
Load_Ger_170,Ger_170,Ger_Load,526.94295207586,3000
Load_Ger_171,Ger_171,Ger_Load,377.659104375489,3000
Load_Ger_172,Ger_172,Ger_Load,650.955749112151,3000
Load_Ger_173,Ger_173,Ger_Load,65.4142612383009,3000
Load_Ger_174,Ger_174,Ger_Load,588.857070520926,3000
Load_Ger_175,Ger_175,Ger_Load,174.051248104331,3000
Load_Ger_176,Ger_176,Ger_Load,262.167392166331,3000
Load_Ger_177,Ger_177,Ger_Load,388.276926402059,3000
Load_Ger_178,Ger_178,Ger_Load,121.637348410156,3000
Load_Ger_180,Ger_180,Ger_Load,367.622636960864,3000
Load_Ger_181,Ger_181,Ger_Load,157.948326109579,3000
Load_Ger_182,Ger_182,Ger_Load,244.836071717441,3000
Load_Ger_183,Ger_183,Ger_Load,119.707050189914,3000
Load_Ger_184,Ger_184,Ger_Load,270.704825437574,3000
Load_Ger_185,Ger_185,Ger_Load,270.25002354058,3000
Load_Ger_186,Ger_186,Ger_Load,247.400413812271,3000
Load_Ger_8,Ger_8,Ger_Load,529.008863594534,3000
Load_Ger_187,Ger_187,Ger_Load,142.559909910124,3000
Load_Ger_188,Ger_188,Ger_Load,165.188717158342,3000
Load_Ger_190,Ger_190,Ger_Load,638.058303978237,3000
Load_Ger_191,Ger_191,Ger_Load,447.293529340096,3000
Load_Ger_192,Ger_192,Ger_Load,85.3642872829172,3000
Load_Ger_193,Ger_193,Ger_Load,412.927130128362,3000
Load_Ger_194,Ger_194,Ger_Load,304.708899794601,3000
Load_Ger_195,Ger_195,Ger_Load,287.497435107651,3000
Load_Ger_196,Ger_196,Ger_Load,427.422881885558,3000
Load_Ger_197,Ger_197,Ger_Load,167.33321939027,3000
Load_Ger_198,Ger_198,Ger_Load,200.565863851421,3000
Load_Ger_199,Ger_199,Ger_Load,263.983349762405,3000
Load_Ger_201,Ger_201,Ger_Load,228.765157218687,3000
Load_Ger_202,Ger_202,Ger_Load,245.834213169592,3000
Load_Ger_203,Ger_203,Ger_Load,378.47780688084,3000
Load_Ger_204,Ger_204,Ger_Load,428.03112279414,3000
Load_Ger_205,Ger_205,Ger_Load,207.436839154056,3000
Load_Ger_206,Ger_206,Ger_Load,267.204091736721,3000
Load_Ger_207,Ger_207,Ger_Load,128.416437578124,3000
Load_Ger_208,Ger_208,Ger_Load,411.670959016159,3000
Load_Ger_209,Ger_209,Ger_Load,313.560991372664,3000
Load_Ger_210,Ger_210,Ger_Load,500.164988500151,3000
Load_Ger_212,Ger_212,Ger_Load,173.771945770015,3000
Load_Ger_213,Ger_213,Ger_Load,170.971142143205,3000
Load_Ger_214,Ger_214,Ger_Load,189.517270171008,3000
Load_Ger_215,Ger_215,Ger_Load,296.89345714849,3000
Load_Ger_216,Ger_216,Ger_Load,302.041247351146,3000
Load_Ger_217,Ger_217,Ger_Load,345.749896010442,3000
Load_Ger_218,Ger_218,Ger_Load,372.883585972451,3000
Load_Ger_219,Ger_219,Ger_Load,248.164654332122,3000
Load_Ger_220,Ger_220,Ger_Load,274.474816043231,3000
Load_Ger_221,Ger_221,Ger_Load,131.130574754228,3000
Load_Ger_17,Ger_17,Ger_Load,434.464432520716,3000
Load_Ger_18,Ger_18,Ger_Load,330.255411893477,3000
Load_Ger_19,Ger_19,Ger_Load,140.188203698906,3000
Load_Ger_20,Ger_20,Ger_Load,155.814164760974,3000
Load_Ger_21,Ger_21,Ger_Load,246.255628786144,3000
Load_Ger_22,Ger_22,Ger_Load,104.904617378748,3000
Load_Ger_23,Ger_23,Ger_Load,104.022687758224,3000
Load_Ger_24,Ger_24,Ger_Load,158.31527974063,3000
Load_Ger_25,Ger_25,Ger_Load,944.298934804445,3000
Load_Ger_26,Ger_26,Ger_Load,546.362835502131,3000
Load_Ger_28,Ger_28,Ger_Load,1340.51618232931,3000
Load_Ger_29,Ger_29,Ger_Load,995.24895935853,3000
Load_Ger_30,Ger_30,Ger_Load,284.84780534656,3000
Load_Ger_31,Ger_31,Ger_Load,389.480112797809,3000
Load_Ger_32,Ger_32,Ger_Load,471.081106428079,3000
Load_Ger_33,Ger_33,Ger_Load,161.550498951598,3000
Load_Ger_34,Ger_34,Ger_Load,220.901161663261,3000
Load_Ger_35,Ger_35,Ger_Load,118.868847733155,3000
Load_Ger_36,Ger_36,Ger_Load,491.428813299906,3000
Load_Ger_37,Ger_37,Ger_Load,182.949627445839,3000
Load_Ger_39,Ger_39,Ger_Load,316.523408233118,3000
Load_Ger_40,Ger_40,Ger_Load,113.948359994392,3000
Load_Ger_41,Ger_41,Ger_Load,148.761977788684,3000
Load_Ger_42,Ger_42,Ger_Load,1421.63105595881,3000
Load_Ger_43,Ger_43,Ger_Load,219.891399027948,3000
Load_Ger_44,Ger_44,Ger_Load,298.784558496709,3000
Load_Ger_45,Ger_45,Ger_Load,832.727303736023,3000
Load_Ger_46,Ger_46,Ger_Load,1083.75598881013,3000
Load_Ger_12,Ger_12,Ger_Load,322.31578016289,3000
Load_Ger_47,Ger_47,Ger_Load,151.956719827787,3000
Load_Ger_49,Ger_49,Ger_Load,196.44585896644,3000
Load_Ger_50,Ger_50,Ger_Load,343.324318721342,3000
Load_Ger_13,Ger_13,Ger_Load,566.476641441659,3000
Load_Ger_51,Ger_51,Ger_Load,192.207869526978,3000
Load_Ger_52,Ger_52,Ger_Load,346.857847795019,3000
Load_Ger_53,Ger_53,Ger_Load,134.044832643779,3000
Load_Ger_54,Ger_54,Ger_Load,613.561440778919,3000
Load_Ger_55,Ger_55,Ger_Load,1007.82189772532,3000
Load_Ger_56,Ger_56,Ger_Load,441.655088844928,3000
Load_Ger_57,Ger_57,Ger_Load,514.528573920022,3000
Load_Ger_59,Ger_59,Ger_Load,297.163994353133,3000
Load_Ger_60,Ger_60,Ger_Load,1165.62279238409,3000
Load_Ger_61,Ger_61,Ger_Load,242.781682897326,3000
Load_Ger_62,Ger_62,Ger_Load,327.46238855031,3000
Load_Ger_63,Ger_63,Ger_Load,288.646848910123,3000
Load_Ger_64,Ger_64,Ger_Load,324.973288692228,3000
Load_Ger_65,Ger_65,Ger_Load,136.948454196197,3000
Load_Ger_66,Ger_66,Ger_Load,444.428809205892,3000
Load_Ger_67,Ger_67,Ger_Load,321.071328718453,3000
Load_Ger_68,Ger_68,Ger_Load,360.562472735724,3000
Load_Ger_70,Ger_70,Ger_Load,275.843555056748,3000
Load_Ger_71,Ger_71,Ger_Load,186.557315425631,3000
Load_Ger_72,Ger_72,Ger_Load,699.841142447406,3000
Load_Ger_73,Ger_73,Ger_Load,404.547863129655,3000
Load_Ger_74,Ger_74,Ger_Load,572.762224263624,3000
Load_Ger_75,Ger_75,Ger_Load,267.635749751992,3000
Load_Ger_76,Ger_76,Ger_Load,323.542898317187,3000
Load_Ger_77,Ger_77,Ger_Load,548.973366875803,3000
Load_Ger_78,Ger_78,Ger_Load,511.057385600091,3000
Load_Ger_79,Ger_79,Ger_Load,422.140660199706,3000
Load_Ger_81,Ger_81,Ger_Load,54.1110848589423,3000
Load_Ger_82,Ger_82,Ger_Load,512.741767766458,3000
Load_Ger_83,Ger_83,Ger_Load,162.535837405349,3000
Load_Ger_84,Ger_84,Ger_Load,194.456469984354,3000
Load_Ger_85,Ger_85,Ger_Load,338.656443989463,3000
Load_Ger_86,Ger_86,Ger_Load,425.059054442585,3000
Load_Ger_88,Ger_88,Ger_Load,734.569964998451,3000
Load_Ger_89,Ger_89,Ger_Load,121.270197809898,3000
Load_Ger_90,Ger_90,Ger_Load,290.565033524187,3000
Load_Ger_91,Ger_91,Ger_Load,186.455186892244,3000
Load_Ger_92,Ger_92,Ger_Load,426.669179218235,3000
Load_Ger_93,Ger_93,Ger_Load,385.3367670619,3000
Load_Ger_94,Ger_94,Ger_Load,105.470017484993,3000
Load_Ger_95,Ger_95,Ger_Load,743.893502371428,3000
Load_Ger_96,Ger_96,Ger_Load,382.284827697253,3000
Load_Ger_97,Ger_97,Ger_Load,324.095889363445,3000
Load_Ger_99,Ger_99,Ger_Load,276.007728890072,3000
Load_Ger_100,Ger_100,Ger_Load,228.741028490934,3000
Load_Ger_101,Ger_101,Ger_Load,566.252588969667,3000
Load_Ger_102,Ger_102,Ger_Load,443.284122664368,3000
Load_Ger_2,Ger_2,Ger_Load,250.227315858895,3000
Load_Ger_103,Ger_103,Ger_Load,166.372994510302,3000
Load_Ger_104,Ger_104,Ger_Load,436.975100506871,3000
Load_Ger_105,Ger_105,Ger_Load,113.003597197107,3000
Load_Ger_106,Ger_106,Ger_Load,439.415253517225,3000
Load_Ger_107,Ger_107,Ger_Load,384.953760440547,3000
Load_Ger_109,Ger_109,Ger_Load,437.179948481263,3000
Load_Ger_110,Ger_110,Ger_Load,95.2024067069531,3000
Load_Ger_111,Ger_111,Ger_Load,467.836925118231,3000
Load_Ger_112,Ger_112,Ger_Load,176.544287346536,3000
Load_Ger_113,Ger_113,Ger_Load,511.117461207965,3000
Load_Ger_114,Ger_114,Ger_Load,608.911293275594,3000
Load_Ger_115,Ger_115,Ger_Load,678.184378231524,3000
Load_Ger_116,Ger_116,Ger_Load,180.231649370215,3000
Load_Ger_117,Ger_117,Ger_Load,207.467467865611,3000
Load_Ger_118,Ger_118,Ger_Load,552.569532157035,3000
Load_Ger_121,Ger_121,Ger_Load,290.226344974217,3000
Load_Ger_122,Ger_122,Ger_Load,414.395141621777,3000
Load_Ger_123,Ger_123,Ger_Load,149.989588365996,3000
Load_Ger_124,Ger_124,Ger_Load,389.716869783598,3000
Load_Ger_223,Ger_223,Ger_Load,258.981119803091,3000
Load_Ger_125,Ger_125,Ger_Load,350.247589348209,3000
Load_Ger_126,Ger_126,Ger_Load,159.663533956708,3000
Load_Ger_127,Ger_127,Ger_Load,286.379142439751,3000
Load_Ger_128,Ger_128,Ger_Load,380.980694583352,3000
Load_Ger_129,Ger_129,Ger_Load,1470.59287334604,3000
Load_Ger_131,Ger_131,Ger_Load,193.215859439436,3000
Load_Ger_224,Ger_224,Ger_Load,240.715377440239,3000
Load_Ger_132,Ger_132,Ger_Load,1297.05148003183,3000
Load_Ger_133,Ger_133,Ger_Load,257.507100748889,3000
Load_Ger_134,Ger_134,Ger_Load,287.746699638031,3000
Load_Ger_225,Ger_225,Ger_Load,274.365498133819,3000
Load_Ger_135,Ger_135,Ger_Load,419.082122366652,3000
Load_Ger_226,Ger_226,Ger_Load,152.961164294535,3000
Load_Ger_227,Ger_227,Ger_Load,293.597472937426,3000
Load_Ger_136,Ger_136,Ger_Load,238.327322784911,3000
Load_Ger_228,Ger_228,Ger_Load,279.537023125817,3000
Load_Ger_6,Ger_6,Ger_Load,408.167960169435,3000
Load_Ger_10,Ger_10,Ger_Load,149.697975456295,3000
Load_Ger_229,Ger_229,Ger_Load,343.60204530201,3000
Load_Ger_138,Ger_138,Ger_Load,158.732952942266,3000
Load_Ger_222,Ger_222,Ger_Load,483.235583716405,3000
Load_Ger_7,Ger_7,Ger_Load,144.582192749637,3000
Load_Ger_14,Ger_14,Ger_Load,79.7475134004246,3000
Load_Ger_9,Ger_9,Ger_Load,166.06148771078,3000
Load_Ger_139,Ger_139,Ger_Load,77.1005427236158,3000
Load_Ger_11,Ger_11,Ger_Load,183.377444561591,3000
Load_Ger_141,Ger_141,Ger_Load,132.538510639768,3000
Load_Ger_3,Ger_3,Ger_Load,237.503105141788,3000
Load_Aus_4,Aus_4,Aus_Load,1276.98957809871,3000
Load_Aus_15,Aus_15,Aus_Load,202.596375007625,3000
Load_Aus_24,Aus_24,Aus_Load,384.166284270258,3000
Load_Aus_32,Aus_32,Aus_Load,1441.67266744899,3000
Load_Aus_33,Aus_33,Aus_Load,316.057100187964,3000
Load_Aus_34,Aus_34,Aus_Load,518.183618905403,3000
Load_Aus_35,Aus_35,Aus_Load,279.505772292885,3000
Load_Aus_36,Aus_36,Aus_Load,216.028682271067,3000
Load_Aus_2,Aus_2,Aus_Load,219.104919996908,3000
Load_Aus_5,Aus_5,Aus_Load,217.682468120583,3000
Load_Aus_6,Aus_6,Aus_Load,331.708738583246,3000
Load_Aus_7,Aus_7,Aus_Load,735.427784764429,3000
Load_Aus_8,Aus_8,Aus_Load,134.81066639632,3000
Load_Aus_9,Aus_9,Aus_Load,119.976165316353,3000
Load_Aus_10,Aus_10,Aus_Load,394.984554978672,3000
Load_Aus_11,Aus_11,Aus_Load,248.380150284798,3000
Load_Aus_12,Aus_12,Aus_Load,115.55187974027,3000
Load_Aus_13,Aus_13,Aus_Load,257.791372710745,3000
Load_Aus_14,Aus_14,Aus_Load,137.09450591213,3000
Load_Aus_16,Aus_16,Aus_Load,113.144998183835,3000
Load_Aus_17,Aus_17,Aus_Load,373.210688188733,3000
Load_Aus_18,Aus_18,Aus_Load,604.402294831813,3000
Load_Aus_3,Aus_3,Aus_Load,74.3666840375443,3000
Load_Aus_19,Aus_19,Aus_Load,157.439572677972,3000
Load_Aus_20,Aus_20,Aus_Load,136.691865304229,3000
Load_Aus_21,Aus_21,Aus_Load,187.061150439852,3000
Load_Aus_22,Aus_22,Aus_Load,150.736208696909,3000
Load_Aus_1,Aus_1,Aus_Load,111.581953505402,3000
Load_Aus_23,Aus_23,Aus_Load,66.5103843950895,3000
Load_Aus_25,Aus_25,Aus_Load,114.580239710816,3000
Load_Aus_26,Aus_26,Aus_Load,79.0565649137609,3000
Load_Aus_27,Aus_27,Aus_Load,296.328457241729,3000
Load_Aus_28,Aus_28,Aus_Load,39.0417622787966,3000
Load_Aus_29,Aus_29,Aus_Load,114.053343445805,3000
Load_Aus_30,Aus_30,Aus_Load,296.56585929735,3000
Load_Aus_31,Aus_31,Aus_Load,286.514687562996,3000
Load_Dnk_2,Dnk_2,Dnk_Load,492.952708970905,3000
Load_Dnk_3,Dnk_3,Dnk_Load,385.654792308089,3000
Load_Dnk_4,Dnk_4,Dnk_Load,205.294642932326,3000
Load_Dnk_5,Dnk_5,Dnk_Load,620.070315787658,3000
Load_Dnk_6,Dnk_6,Dnk_Load,709.443303567853,3000
Load_Dnk_7,Dnk_7,Dnk_Load,747.667703621826,3000
Load_Dnk_8,Dnk_8,Dnk_Load,869.088845225456,3000
Load_Dnk_9,Dnk_9,Dnk_Load,577.112057905186,3000
Load_Cze_1,Cze_1,Cze_Load,318.697426290267,3000
Load_Cze_12,Cze_12,Cze_Load,731.248294149765,3000
Load_Cze_23,Cze_23,Cze_Load,228.990351251843,3000
Load_Cze_29,Cze_29,Cze_Load,295.219875234244,3000
Load_Cze_30,Cze_30,Cze_Load,340.731891862612,3000
Load_Cze_31,Cze_31,Cze_Load,203.110888993695,3000
Load_Cze_32,Cze_32,Cze_Load,581.624090102556,3000
Load_Cze_33,Cze_33,Cze_Load,157.901427009576,3000
Load_Cze_34,Cze_34,Cze_Load,114.960963293795,3000
Load_Cze_2,Cze_2,Cze_Load,246.547891303278,3000
Load_Cze_3,Cze_3,Cze_Load,70.9323153235275,3000
Load_Cze_4,Cze_4,Cze_Load,173.84505506762,3000
Load_Cze_5,Cze_5,Cze_Load,399.788318072464,3000
Load_Cze_6,Cze_6,Cze_Load,354.079947896047,3000
Load_Cze_7,Cze_7,Cze_Load,36.7566733150483,3000
Load_Cze_8,Cze_8,Cze_Load,268.813715855988,3000
Load_Cze_9,Cze_9,Cze_Load,587.542054635718,3000
Load_Cze_10,Cze_10,Cze_Load,1422.62130794653,3000
Load_Cze_11,Cze_11,Cze_Load,77.0195984400849,3000
Load_Cze_13,Cze_13,Cze_Load,248.695609212262,3000
Load_Cze_14,Cze_14,Cze_Load,76.8422016799997,3000
Load_Cze_15,Cze_15,Cze_Load,385.568465210778,3000
Load_Cze_16,Cze_16,Cze_Load,306.22956838884,3000
Load_Cze_17,Cze_17,Cze_Load,611.883862888416,3000
Load_Cze_18,Cze_18,Cze_Load,324.364967346077,3000
Load_Cze_19,Cze_19,Cze_Load,342.113367785412,3000
Load_Cze_20,Cze_20,Cze_Load,72.3973734478005,3000
Load_Cze_21,Cze_21,Cze_Load,177.404192007664,3000
Load_Cze_22,Cze_22,Cze_Load,251.47687159169,3000
Load_Cze_24,Cze_24,Cze_Load,278.003880493209,3000
Load_Cze_25,Cze_25,Cze_Load,463.00565153116,3000
Load_Cze_26,Cze_26,Cze_Load,240.335127175488,3000
Load_Cze_27,Cze_27,Cze_Load,151.253195303751,3000
Load_Cze_28,Cze_28,Cze_Load,272.993579892796,3000
Load_Pol_1,Pol_1,Pol_Load,245.744668586158,3000
Load_Pol_12,Pol_12,Pol_Load,442.803873559282,3000
Load_Pol_23,Pol_23,Pol_Load,195.386871485343,3000
Load_Pol_34,Pol_34,Pol_Load,269.984924537184,3000
Load_Pol_45,Pol_45,Pol_Load,511.616170718084,3000
Load_Pol_56,Pol_56,Pol_Load,627.725738023704,3000
Load_Pol_67,Pol_67,Pol_Load,292.08080793234,3000
Load_Pol_78,Pol_78,Pol_Load,439.7048715311,3000
Load_Pol_88,Pol_88,Pol_Load,273.422102217443,3000
Load_Pol_2,Pol_2,Pol_Load,298.491543977849,3000
Load_Pol_3,Pol_3,Pol_Load,413.375451025391,3000
Load_Pol_4,Pol_4,Pol_Load,446.212168289112,3000
Load_Pol_5,Pol_5,Pol_Load,83.9551697786141,3000
Load_Pol_6,Pol_6,Pol_Load,111.091181313289,3000
Load_Pol_7,Pol_7,Pol_Load,298.288297533312,3000
Load_Pol_8,Pol_8,Pol_Load,741.419795408536,3000
Load_Pol_9,Pol_9,Pol_Load,250.55479891377,3000
Load_Pol_10,Pol_10,Pol_Load,161.525608825022,3000
Load_Pol_11,Pol_11,Pol_Load,179.31729313127,3000
Load_Pol_13,Pol_13,Pol_Load,519.202474819817,3000
Load_Pol_14,Pol_14,Pol_Load,283.886789500908,3000
Load_Pol_15,Pol_15,Pol_Load,110.96190080085,3000
Load_Pol_16,Pol_16,Pol_Load,181.110167640954,3000
Load_Pol_17,Pol_17,Pol_Load,428.088596500808,3000
Load_Pol_18,Pol_18,Pol_Load,1067.53196632919,3000
Load_Pol_19,Pol_19,Pol_Load,210.798749887016,3000
Load_Pol_20,Pol_20,Pol_Load,310.574955435195,3000
Load_Pol_21,Pol_21,Pol_Load,220.883269332169,3000
Load_Pol_22,Pol_22,Pol_Load,328.660265307616,3000
Load_Pol_24,Pol_24,Pol_Load,483.117544713886,3000
Load_Pol_25,Pol_25,Pol_Load,430.789099076388,3000
Load_Pol_26,Pol_26,Pol_Load,421.382423043528,3000
Load_Pol_27,Pol_27,Pol_Load,172.210275480021,3000
Load_Pol_28,Pol_28,Pol_Load,152.1740342142,3000
Load_Pol_29,Pol_29,Pol_Load,78.2710903974167,3000
Load_Pol_30,Pol_30,Pol_Load,179.914882441447,3000
Load_Pol_31,Pol_31,Pol_Load,319.456729140141,3000
Load_Pol_32,Pol_32,Pol_Load,47.2029475965248,3000
Load_Pol_33,Pol_33,Pol_Load,716.698654319732,3000
Load_Pol_35,Pol_35,Pol_Load,51.2675567497673,3000
Load_Pol_36,Pol_36,Pol_Load,305.333712434199,3000
Load_Pol_37,Pol_37,Pol_Load,374.508805029391,3000
Load_Pol_38,Pol_38,Pol_Load,95.4270300567575,3000
Load_Pol_39,Pol_39,Pol_Load,184.237946040415,3000
Load_Pol_40,Pol_40,Pol_Load,131.816883119067,3000
Load_Pol_41,Pol_41,Pol_Load,395.056093333253,3000
Load_Pol_42,Pol_42,Pol_Load,231.311719703653,3000
Load_Pol_43,Pol_43,Pol_Load,387.16102942564,3000
Load_Pol_44,Pol_44,Pol_Load,122.727386645167,3000
Load_Pol_46,Pol_46,Pol_Load,234.530836437128,3000
Load_Pol_47,Pol_47,Pol_Load,332.770170600832,3000
Load_Pol_48,Pol_48,Pol_Load,224.779376844714,3000
Load_Pol_49,Pol_49,Pol_Load,196.307928524499,3000
Load_Pol_50,Pol_50,Pol_Load,283.478484766238,3000
Load_Pol_51,Pol_51,Pol_Load,302.999948723667,3000
Load_Pol_52,Pol_52,Pol_Load,100.600062399913,3000
Load_Pol_53,Pol_53,Pol_Load,663.962223685024,3000
Load_Pol_54,Pol_54,Pol_Load,84.5262208797251,3000
Load_Pol_55,Pol_55,Pol_Load,130.667213796991,3000
Load_Pol_57,Pol_57,Pol_Load,96.1574169914184,3000
Load_Pol_58,Pol_58,Pol_Load,97.8132307105043,3000
Load_Pol_59,Pol_59,Pol_Load,76.4221552533193,3000
Load_Pol_60,Pol_60,Pol_Load,56.7180146278599,3000
Load_Pol_61,Pol_61,Pol_Load,97.2238479950984,3000
Load_Pol_62,Pol_62,Pol_Load,51.0373457795547,3000
Load_Pol_63,Pol_63,Pol_Load,66.9614435899512,3000
Load_Pol_64,Pol_64,Pol_Load,271.504743257199,3000
Load_Pol_65,Pol_65,Pol_Load,259.122377276035,3000
Load_Pol_66,Pol_66,Pol_Load,29.1164653534216,3000
Load_Pol_68,Pol_68,Pol_Load,51.6151113672969,3000
Load_Pol_69,Pol_69,Pol_Load,228.251192749658,3000
Load_Pol_70,Pol_70,Pol_Load,92.4852322790665,3000
Load_Pol_71,Pol_71,Pol_Load,364.504113369743,3000
Load_Pol_72,Pol_72,Pol_Load,643.809065088498,3000
Load_Pol_73,Pol_73,Pol_Load,457.24513561571,3000
Load_Pol_74,Pol_74,Pol_Load,320.885529263598,3000
Load_Pol_75,Pol_75,Pol_Load,476.952473615757,3000
Load_Pol_76,Pol_76,Pol_Load,213.409619395026,3000
Load_Pol_77,Pol_77,Pol_Load,192.660576754768,3000
Load_Pol_79,Pol_79,Pol_Load,81.2443290252062,3000
Load_Pol_80,Pol_80,Pol_Load,340.856330929554,3000
Load_Pol_81,Pol_81,Pol_Load,298.468522880828,3000
Load_Pol_82,Pol_82,Pol_Load,79.0848222296272,3000
Load_Pol_83,Pol_83,Pol_Load,400.62975671207,3000
Load_Pol_84,Pol_84,Pol_Load,87.3363934036139,3000
Load_Pol_85,Pol_85,Pol_Load,365.414938810221,3000
Load_Pol_86,Pol_86,Pol_Load,87.5465674930857,3000
Load_Pol_87,Pol_87,Pol_Load,301.697658054673,3000
Load_Pol_89,Pol_89,Pol_Load,367.016610319647,3000
Load_Pol_90,Pol_90,Pol_Load,424.202933745245,3000
Load_Pol_91,Pol_91,Pol_Load,80.4307037721487,3000
Load_Pol_92,Pol_92,Pol_Load,158.855161570555,3000
Load_Pol_93,Pol_93,Pol_Load,338.797008537681,3000
Load_Pol_94,Pol_94,Pol_Load,361.086865991071,3000
Load_Pol_95,Pol_95,Pol_Load,350.347524230645,3000
Load_Hun_2,Hun_2,Hun_Load,197.99572850679,3000
Load_Hun_13,Hun_13,Hun_Load,35.8991345889019,3000
Load_Hun_19,Hun_19,Hun_Load,74.1641433002537,3000
Load_Hun_20,Hun_20,Hun_Load,43.0560656084078,3000
Load_Hun_21,Hun_21,Hun_Load,171.781304253389,3000
Load_Hun_22,Hun_22,Hun_Load,556.22720218338,3000
Load_Hun_23,Hun_23,Hun_Load,255.534351604889,3000
Load_Hun_24,Hun_24,Hun_Load,124.617026980989,3000
Load_Hun_25,Hun_25,Hun_Load,24.3974999811495,3000
Load_Hun_3,Hun_3,Hun_Load,1002.19410292294,3000
Load_Hun_4,Hun_4,Hun_Load,384.709338687246,3000
Load_Hun_5,Hun_5,Hun_Load,293.254123887913,3000
Load_Hun_6,Hun_6,Hun_Load,189.982694599529,3000
Load_Hun_7,Hun_7,Hun_Load,213.857026488038,3000
Load_Hun_8,Hun_8,Hun_Load,102.399199539935,3000
Load_Hun_9,Hun_9,Hun_Load,133.746209404692,3000
Load_Hun_10,Hun_10,Hun_Load,403.620523099453,3000
Load_Hun_11,Hun_11,Hun_Load,196.294026410285,3000
Load_Hun_12,Hun_12,Hun_Load,532.04635384392,3000
Load_Hun_14,Hun_14,Hun_Load,271.078523358413,3000
Load_Hun_15,Hun_15,Hun_Load,314.682053448271,3000
Load_Hun_16,Hun_16,Hun_Load,275.171987432692,3000
Load_Hun_17,Hun_17,Hun_Load,317.559106615608,3000
Load_Hun_18,Hun_18,Hun_Load,269.381913954759,3000
Load_Slk_2,Slk_2,Slk_Load,99.0260028737417,3000
Load_Slk_13,Slk_13,Slk_Load,230.487791493654,3000
Load_Slk_19,Slk_19,Slk_Load,162.186103649423,3000
Load_Slk_20,Slk_20,Slk_Load,244.667552744812,3000
Load_Slk_21,Slk_21,Slk_Load,180.128351776036,3000
Load_Slk_22,Slk_22,Slk_Load,153.832881552167,3000
Load_Slk_23,Slk_23,Slk_Load,178.525919610584,3000
Load_Slk_24,Slk_24,Slk_Load,41.9508393756334,3000
Load_Slk_25,Slk_25,Slk_Load,90.6296302098807,3000
Load_Slk_3,Slk_3,Slk_Load,110.549730536922,3000
Load_Slk_4,Slk_4,Slk_Load,148.389846848532,3000
Load_Slk_5,Slk_5,Slk_Load,155.882078717521,3000
Load_Slk_6,Slk_6,Slk_Load,165.746075921891,3000
Load_Slk_7,Slk_7,Slk_Load,244.91018625867,3000
Load_Slk_8,Slk_8,Slk_Load,112.845906589353,3000
Load_Slk_9,Slk_9,Slk_Load,117.242919009795,3000
Load_Slk_10,Slk_10,Slk_Load,266.853411511759,3000
Load_Slk_11,Slk_11,Slk_Load,236.160625701876,3000
Load_Slk_12,Slk_12,Slk_Load,294.047969770945,3000
Load_Slk_14,Slk_14,Slk_Load,113.611500717211,3000
Load_Slk_15,Slk_15,Slk_Load,268.355799038011,3000
Load_Slk_16,Slk_16,Slk_Load,118.252258258614,3000
Load_Slk_17,Slk_17,Slk_Load,530.999756564029,3000
Load_Slk_18,Slk_18,Slk_Load,200.407703307478,3000
Load_Slv_1,Slv_1,Slv_Load,268.472137814866,3000
Load_Slv_2,Slv_2,Slv_Load,724.672374869551,3000
Load_Slv_3,Slv_3,Slv_Load,247.743975513192,3000
Load_Slv_4,Slv_4,Slv_Load,158.002118178875,3000
Load_Slv_5,Slv_5,Slv_Load,466.917148060909,3000
Load_Slv_6,Slv_6,Slv_Load,194.730698039235,3000
Load_Slv_7,Slv_7,Slv_Load,120.461547523375,3000
Load_Cro_1,Cro_1,Cro_Load,265.715567257049,3000
Load_Cro_9,Cro_9,Cro_Load,219.610170543126,3000
Load_Cro_10,Cro_10,Cro_Load,76.2615538460245,3000
Load_Cro_11,Cro_11,Cro_Load,175.017551847067,3000
Load_Cro_12,Cro_12,Cro_Load,185.761475957232,3000
Load_Cro_13,Cro_13,Cro_Load,73.9379837027318,3000
Load_Cro_14,Cro_14,Cro_Load,103.576264254572,3000
Load_Cro_15,Cro_15,Cro_Load,126.172798208445,3000
Load_Cro_16,Cro_16,Cro_Load,109.75965057006,3000
Load_Cro_2,Cro_2,Cro_Load,13.6182418525452,3000
Load_Cro_3,Cro_3,Cro_Load,223.081381737945,3000
Load_Cro_4,Cro_4,Cro_Load,211.655146936514,3000
Load_Cro_5,Cro_5,Cro_Load,90.7263824670946,3000
Load_Cro_6,Cro_6,Cro_Load,147.989277600168,3000
Load_Cro_8,Cro_8,Cro_Load,477.153654845687,3000
Load_Cro_7,Cro_7,Cro_Load,200.392002959261,3000
Load_Hun_1,Hun_1,Hun_Load,159.350359298153,3000
Load_Cro_18,Cro_18,Cro_Load,289.083226866516,3000
Load_Rom_59,Rom_59,Rom_Load,24.1755580802838,3000
Load_Rom_88,Rom_88,Rom_Load,5.67142664165511,3000
Load_Rom_66,Rom_66,Rom_Load,60.6464114549476,3000
Load_Rom_86,Rom_86,Rom_Load,52.1081925261116,3000
Load_Rom_77,Rom_77,Rom_Load,23.7997592027274,3000
Load_Rom_71,Rom_71,Rom_Load,71.2116632975354,3000
Load_Rom_26,Rom_26,Rom_Load,114.300454659785,3000
Load_Rom_25,Rom_25,Rom_Load,877.567135587548,3000
Load_Rom_14,Rom_14,Rom_Load,24.4029762781132,3000
Load_Rom_13,Rom_13,Rom_Load,266.361796413214,3000
Load_Rom_56,Rom_56,Rom_Load,232.735153177703,3000
Load_Rom_21,Rom_21,Rom_Load,221.482286332751,3000
Load_Rom_17,Rom_17,Rom_Load,21.5266036857079,3000
Load_Rom_33,Rom_33,Rom_Load,51.9711029203991,3000
Load_Rom_85,Rom_85,Rom_Load,64.5888211060847,3000
Load_Rom_43,Rom_43,Rom_Load,21.895217334346,3000
Load_Rom_45,Rom_45,Rom_Load,224.801862093043,3000
Load_Rom_72,Rom_72,Rom_Load,108.195975411732,3000
Load_Rom_39,Rom_39,Rom_Load,268.73463272507,3000
Load_Rom_23,Rom_23,Rom_Load,85.1727911884527,3000
Load_Rom_12,Rom_12,Rom_Load,106.435594326729,3000
Load_Rom_10,Rom_10,Rom_Load,74.192164683631,3000
Load_Rom_70,Rom_70,Rom_Load,103.270672065062,3000
Load_Rom_50,Rom_50,Rom_Load,44.1133137650084,3000
Load_Rom_3,Rom_3,Rom_Load,32.4287629286907,3000
Load_Rom_53,Rom_53,Rom_Load,69.4671353366539,3000
Load_Rom_54,Rom_54,Rom_Load,51.0942768898514,3000
Load_Rom_65,Rom_65,Rom_Load,38.9596798104873,3000
Load_Rom_34,Rom_34,Rom_Load,104.339104200099,3000
Load_Rom_19,Rom_19,Rom_Load,10.7805806076339,3000
Load_Rom_46,Rom_46,Rom_Load,172.762214369787,3000
Load_Rom_11,Rom_11,Rom_Load,49.7919256355819,3000
Load_Rom_49,Rom_49,Rom_Load,46.218129633083,3000
Load_Rom_15,Rom_15,Rom_Load,154.826628425731,3000
Load_Rom_18,Rom_18,Rom_Load,97.1869501449945,3000
Load_Rom_84,Rom_84,Rom_Load,237.660342473121,3000
Load_Rom_62,Rom_62,Rom_Load,112.373672797133,3000
Load_Rom_42,Rom_42,Rom_Load,13.023170388937,3000
Load_Rom_82,Rom_82,Rom_Load,36.210132211054,3000
Load_Rom_8,Rom_8,Rom_Load,13.1602599946497,3000
Load_Rom_55,Rom_55,Rom_Load,13.2008622406011,3000
Load_Rom_79,Rom_79,Rom_Load,63.686219492433,3000
Load_Rom_69,Rom_69,Rom_Load,72.2011719657237,3000
Load_Rom_22,Rom_22,Rom_Load,46.7323867313842,3000
Load_Rom_44,Rom_44,Rom_Load,233.25693765868,3000
Load_Rom_38,Rom_38,Rom_Load,64.6848522608352,3000
Load_Rom_83,Rom_83,Rom_Load,197.965374236652,3000
Load_Rom_37,Rom_37,Rom_Load,123.538378023768,3000
Load_Rom_60,Rom_60,Rom_Load,266.02876675541,3000
Load_Rom_51,Rom_51,Rom_Load,87.2910651043427,3000
Load_Rom_32,Rom_32,Rom_Load,227.658960023747,3000
Load_Rom_80,Rom_80,Rom_Load,71.517092552193,3000
Load_Rom_73,Rom_73,Rom_Load,246.366330794638,3000
Load_Rom_78,Rom_78,Rom_Load,82.1792879595525,3000
Load_Rom_24,Rom_24,Rom_Load,145.876570423495,3000
Load_Rom_58,Rom_58,Rom_Load,0.696853153830168,3000
Load_Rom_74,Rom_74,Rom_Load,44.5229858646088,3000
Load_Rom_61,Rom_61,Rom_Load,7.61280706464973,3000
Load_Rom_4,Rom_4,Rom_Load,6.60413778601242,3000
Load_Rom_90,Rom_90,Rom_Load,33.0141880086597,3000
Load_Rom_67,Rom_67,Rom_Load,128.768198215075,3000
Load_Rom_57,Rom_57,Rom_Load,6.75844913087858,3000
Load_Rom_40,Rom_40,Rom_Load,15.223675258004,3000
Load_Rom_63,Rom_63,Rom_Load,71.5321473175457,3000
Load_Rom_2,Rom_2,Rom_Load,102.992615111046,3000
Load_Rom_76,Rom_76,Rom_Load,68.6237263231393,3000
Load_Rom_35,Rom_35,Rom_Load,11.4542813571715,3000
Load_Rom_47,Rom_47,Rom_Load,125.857496195614,3000
Load_Rom_7,Rom_7,Rom_Load,29.8464144656756,3000
Load_Rom_29,Rom_29,Rom_Load,81.8136396434839,3000
Load_Rom_9,Rom_9,Rom_Load,287.803545966934,3000
Load_Rom_52,Rom_52,Rom_Load,381.146968896859,3000
Load_Rom_41,Rom_41,Rom_Load,123.600079751464,3000
Load_Rom_75,Rom_75,Rom_Load,210.801500571206,3000
Load_Rom_64,Rom_64,Rom_Load,90.1125790442125,3000
Load_Rom_5,Rom_5,Rom_Load,106.672364727277,3000
Load_Rom_27,Rom_27,Rom_Load,96.8619040748773,3000
Load_Rom_36,Rom_36,Rom_Load,89.4110497890228,3000
Load_Rom_28,Rom_28,Rom_Load,61.9289177912521,3000
Load_Rom_87,Rom_87,Rom_Load,72.5261039845882,3000
Load_Rom_16,Rom_16,Rom_Load,29.4912588648528,3000
Load_Rom_20,Rom_20,Rom_Load,18.931595533646,3000
Load_Rom_48,Rom_48,Rom_Load,148.016285974887,3000
Load_Rom_81,Rom_81,Rom_Load,35.1034929063708,3000
Load_Rom_68,Rom_68,Rom_Load,45.4653913654433,3000
Load_Rom_6,Rom_6,Rom_Load,127.620842613187,3000
Load_Rom_89,Rom_89,Rom_Load,204.525830392891,3000
Load_Rom_30,Rom_30,Rom_Load,320.705507542964,3000
Load_Rom_31,Rom_31,Rom_Load,197.580223156377,3000
Load_Dnk_10,Dnk_10,Dnk_Load,284.839317955015,3000
Load_Dnk_11,Dnk_11,Dnk_Load,61.2118076927737,3000
Load_Slk_1,Slk_1,Slk_Load,75.3091579614589,3000
Load_Net_25,Net_25,Net_Load,272.446747088012,3000
Load_Bel_6,Bel_6,Bel_Load,185.518928521794,3000
Load_Cro_17,Cro_17,Cro_Load,92.4876685479621,3000
Load_Net_1,Net_1,Net_Load,1.35048906285887,3000
Load_Ger_1,Ger_1,Ger_Load,176.598355393623,3000
Load_Dnk_1,Dnk_1,Dnk_Load,3134.66450403291,3000
Load_Rom_1,Rom_1,Rom_Load,12.5441551277118,3000