zone,cost
Fra_2,0.0
Fra_3,0.0
Fra_4,0.0
Fra_5,0.0
Fra_6,0.0
Fra_7,0.0
Fra_8,0.0
Fra_9,0.0
Fra_10,0.0
Fra_11,30132.0
Fra_12,0.0
Fra_13,23940.0
Fra_14,0.0
Fra_15,0.0
Fra_16,0.0
Fra_17,0.0
Fra_18,0.0
Fra_19,0.0
Fra_20,0.0
Fra_21,0.0
Fra_22,0.0
Fra_23,0.0
Fra_24,0.0
Fra_25,0.0
Fra_26,0.0
Fra_27,0.0
Fra_28,0.0
Fra_29,0.0
Fra_30,0.0
Fra_31,0.0
Fra_32,0.0
Fra_33,0.0
Fra_34,0.0
Fra_35,0.0
Fra_36,0.0
Fra_37,0.0
Fra_38,0.0
Fra_39,0.0
Fra_40,0.0
Fra_41,0.0
Fra_42,0.0
Fra_43,51480.0
Fra_44,0.0
Fra_45,0.0
Fra_46,0.0
Fra_47,0.0
Fra_48,63756.0
Fra_49,0.0
Fra_50,0.0
Fra_51,0.0
Fra_52,0.0
Fra_53,0.0
Fra_54,31548.0
Fra_55,28180.8
Fra_56,0.0
Fra_57,44979.0
Fra_58,0.0
Fra_59,0.0
Fra_60,0.0
Fra_61,0.0
Fra_62,0.0
Fra_63,0.0
Fra_64,0.0
Fra_65,0.0
Fra_66,0.0
Fra_67,0.0
Fra_68,0.0
Fra_69,97093.53434185607
Fra_70,0.0
Fra_71,0.0
Fra_72,0.0
Fra_73,0.0
Fra_74,0.0
Fra_75,0.0
Fra_76,0.0
Fra_77,0.0
Fra_78,0.0
Fra_79,0.0
Fra_80,0.0
Fra_81,0.0
Fra_82,0.0
Fra_83,0.0
Fra_84,0.0
Fra_85,0.0
Fra_86,0.0
Fra_87,0.0
Fra_88,0.0
Fra_89,0.0
Fra_90,62964.0
Fra_91,0.0
Fra_92,9622.8
Fra_93,0.0
Fra_94,0.0
Fra_95,0.0
Fra_96,0.0
Fra_97,0.0
Fra_98,0.0
Fra_99,0.0
Fra_100,0.0
Fra_101,51513.0
Fra_102,0.0
Fra_103,0.0
Fra_104,0.0
Fra_105,0.0
Fra_106,45606.0
Fra_107,0.0
Fra_108,27907.2
Fra_109,0.0
Fra_110,0.0
Fra_111,0.0
Fra_112,0.0
Fra_113,0.0
Fra_114,0.0
Fra_115,121509.0
Fra_116,0.0
Fra_117,0.0
Fra_118,0.0
Fra_119,0.0
Fra_120,0.0
Fra_121,0.0
Fra_122,0.0
Fra_123,61446.0
Fra_124,0.0
Fra_125,0.0
Fra_126,0.0
Fra_127,0.0
Fra_128,0.0
Fra_129,0.0
Fra_130,0.0
Fra_131,0.0
Fra_132,0.0
Fra_133,0.0
Fra_134,0.0
Fra_135,0.0
Fra_136,0.0
Fra_137,0.0
Fra_138,0.0
Fra_139,0.0
Fra_140,0.0
Fra_141,0.0
Fra_142,0.0
Fra_143,0.0
Fra_144,45903.0
Fra_145,0.0
Fra_146,0.0
Fra_147,0.0
Fra_148,0.0
Fra_149,0.0
Fra_150,0.0
Fra_151,0.0
Fra_152,0.0
Fra_153,0.0
Fra_154,0.0
Fra_155,0.0
Fra_156,0.0
Fra_157,0.0
Fra_158,0.0
Fra_159,0.0
Fra_160,57286.708312867
Fra_161,0.0
Fra_162,0.0
Fra_163,0.0
Fra_164,0.0
Fra_165,0.0
Fra_166,0.0
Fra_167,0.0
Fra_168,0.0
Fra_169,0.0
Fra_170,0.0
Fra_171,0.0
Fra_172,0.0
Fra_173,0.0
Fra_174,0.0
Fra_175,0.0
Fra_176,52054.24448091468
Fra_177,0.0
Fra_178,0.0
Fra_179,0.0
Fra_180,91212.0
Fra_181,0.0
Fra_182,0.0
Fra_183,0.0
Fra_184,0.0
Fra_185,0.0
Fra_186,0.0
Fra_187,0.0
Fra_188,67155.0
Fra_189,0.0
Fra_190,0.0
Fra_191,0.0
Fra_192,0.0
Fra_193,0.0
Fra_194,0.0
Fra_195,44979.0
Fra_196,0.0
Fra_197,0.0
Fra_198,0.0
Fra_199,0.0
Fra_200,0.0
Fra_201,0.0
Fra_202,58155.277115722136
Fra_203,0.0
Fra_204,0.0
Fra_205,0.0
Fra_206,0.0
Fra_207,0.0
Fra_208,0.0
Fra_209,0.0
Fra_210,30935.52
Fra_211,0.0
Fra_212,0.0
Fra_213,0.0
Fra_214,0.0
Fra_215,0.0
Fra_216,0.0
Fra_217,0.0
Fra_218,0.0
Fra_219,0.0
Fra_220,62244.0
Fra_221,0.0
Fra_222,0.0
Fra_223,0.0
Fra_224,0.0
Fra_225,0.0
Fra_226,0.0
Fra_227,0.0
Fra_228,0.0
Fra_229,0.0
Fra_230,0.0
Fra_231,0.0
Fra_232,0.0
Fra_233,0.0
Fra_234,0.0
Fra_235,0.0
Fra_236,0.0
Fra_237,0.0
Fra_238,0.0
Fra_239,0.0
Fra_240,0.0
Fra_241,0.0
Fra_242,0.0
Fra_243,0.0
Fra_244,0.0
Fra_245,0.0
Fra_246,0.0
Fra_247,0.0
Fra_248,45606.0
Fra_249,0.0
Fra_250,0.0
Fra_251,0.0
Fra_252,0.0
Fra_253,0.0
Fra_254,0.0
Fra_255,38705.04
Fra_256,0.0
Fra_257,0.0
Fra_258,0.0
Fra_259,0.0
Fra_260,0.0
Fra_261,16608.24
Fra_262,0.0
Fra_263,0.0
Fra_264,0.0
Fra_265,0.0
Fra_266,0.0
Fra_267,0.0
Fra_268,71101.8
Fra_269,0.0
Fra_270,0.0
Fra_271,0.0
Fra_272,0.0
Fra_273,0.0
Fra_274,0.0
Fra_275,0.0
Fra_276,0.0
Fra_277,26730.000000000007
Fra_278,0.0
Fra_279,0.0
Fra_280,0.0
Fra_281,0.0
Fra_282,0.0
Fra_283,0.0
Fra_284,0.0
Fra_285,0.0
Fra_286,0.0
Fra_287,0.0
Fra_288,0.0
Fra_289,0.0
Fra_290,0.0
Fra_291,0.0
Fra_292,33857.99999999999
Fra_293,0.0
Fra_294,0.0
Fra_295,0.0
Fra_296,17926.92
Fra_297,0.0
Fra_298,0.0
Fra_299,0.0
Fra_300,0.0
Fra_301,0.0
Fra_302,0.0
Fra_303,0.0
Fra_304,0.0
Fra_305,0.0
Fra_306,44979.0
Fra_307,8339.76
Fra_308,0.0
Fra_309,0.0
Fra_310,0.0
Fra_311,0.0
Fra_312,0.0
Fra_313,0.0
Fra_314,0.0
Fra_315,0.0
Fra_316,0.0
Fra_317,0.0
Fra_318,0.0
Bel_1,0.0
Bel_2,0.0
Bel_3,0.0
Bel_4,0.0
Bel_5,56772.0
Bel_6,0.0
Bel_7,0.0
Bel_8,0.0
Bel_9,19815.84
Bel_10,31683.96
Bel_11,36799.2
Bel_12,52311.10645796893
Bel_13,0.0
Bel_14,0.0
Bel_15,0.0
Bel_16,66741.9
Bel_17,0.0
Bel_18,52721.34
Bel_19,0.0
Bel_20,9088.2
Bel_21,53539.83121807012
Bel_22,0.0
Bel_23,13167.0
Bel_24,0.0
