Bus,ZoneBus,latitude,longitude,Country
Swi_1,Swi,47.449075155,7.72068228167,Switzerland
Swi_2,Swi,47.3361462569,7.19294398711,Switzerland
Swi_3,Swi,47.4462710393,7.98087327457,Switzerland
Swi_4,Swi,46.7066659581,10.4672817011,Switzerland
Swi_5,Swi,46.1063851162,7.23902222643,Switzerland
Swi_6,Swi,46.1688966468,6.13282074009,Switzerland
Swi_7,Swi,47.4639554528,9.10189060532,Switzerland
Swi_8,Swi,47.1327816982,9.09434442152,Switzerland
Swi_9,Swi,47.2387476342,7.82858382897,Switzerland
Swi_10,Swi,47.232267953,7.60478604718,Switzerland
Swi_11,Swi,47.1384603771,8.06012868971,Switzerland
Swi_12,Swi,47.0725689024,8.73072265285,Switzerland
Swi_13,Swi,47.0761369406,8.35043609286,Switzerland
Swi_14,Swi,47.0388042159,7.68471061437,Switzerland
Swi_15,Swi,46.9602005355,7.26292041109,Switzerland
Swi_16,Swi,47.4480500345,8.16420772287,Switzerland
Swi_17,Swi,46.7810312598,8.96618742717,Switzerland
Swi_18,Swi,46.7224004375,9.33619331663,Switzerland
Swi_19,Swi,46.6728527105,8.73108127973,Switzerland
Swi_20,Swi,46.6498918516,8.96890704346,Switzerland
Swi_21,Swi,46.5181752968,10.1737867698,Switzerland
Swi_22,Swi,46.5331156285,9.65397901156,Switzerland
Swi_23,Swi,46.5986444345,8.21821531363,Switzerland
Swi_24,Swi,46.5194680509,8.75501717052,Switzerland
Swi_25,Swi,46.6085468066,7.58639379336,Switzerland
Swi_26,Swi,46.3725426885,8.98081589686,Switzerland
Swi_27,Swi,46.5076083652,7.12849989537,Switzerland
Swi_28,Swi,46.3691566957,8.60807859078,Switzerland
Swi_29,Swi,46.2377741551,10.108432865,Switzerland
Swi_30,Swi,46.55788086,6.37915876659,Switzerland
Swi_31,Swi,46.4514280722,7.37261291232,Switzerland
Swi_32,Swi,46.2761084606,8.90624722108,Switzerland
Swi_33,Swi,46.4310559955,6.98573383437,Switzerland
Swi_34,Swi,46.2218899572,9.2510710555,Switzerland
Swi_35,Swi,46.3079597507,8.1433398309,Switzerland
Swi_36,Swi,46.1785215252,8.6505207383,Switzerland
Swi_37,Swi,47.366256939,8.64697711525,Switzerland
Swi_38,Swi,46.240313183,7.63263057748,Switzerland
Swi_39,Swi,46.0860070362,9.10129923608,Switzerland
Swi_40,Swi,46.2486584605,7.06131900981,Switzerland
Swi_41,Swi,46.1449383998,7.92440202417,Switzerland
Swi_42,Swi,45.9992958905,9.02314217017,Switzerland
Swi_43,Swi,46.1231149577,6.91288575751,Switzerland
Swi_44,Swi,47.3169022257,8.43732374998,Switzerland
Swi_45,Swi,47.3603066772,7.85221697965,Switzerland
Swi_46,Swi,47.1947686575,9.45798931,Switzerland
Swi_47,Swi,47.3658015422,7.55934983378,Switzerland
Slv_1,Slv,46.5448325379,15.7979029132,Slovenia
Slv_2,Slv,46.4072741811,15.761697425,Slovenia
Slv_3,Slv,46.2712801749,15.1410642512,Slovenia
Slv_4,Slv,46.24431195,14.3770659113,Slovenia
Slv_5,Slv,46.0733736756,14.6649642302,Slovenia
Slv_6,Slv,45.991300869,15.6336808636,Slovenia
Slv_7,Slv,45.7716343269,14.2440804883,Slovenia
Slk_1,Slk,49.0797468743,21.8965061775,Slovakia
Slk_2,Slk,49.2668023109,21.4481977129,Slovakia
Slk_3,Slk,49.0502289098,20.9162361544,Slovakia
Slk_4,Slk,48.9638105122,20.6769996976,Slovakia
Slk_5,Slk,49.0952469052,18.1720456375,Slovakia
Slk_6,Slk,48.92706266,19.107559739,Slovakia
Slk_7,Slk,48.7895797344,17.6773984555,Slovakia
Slk_8,Slk,48.7185243707,18.2802120758,Slovakia
Slk_9,Slk,48.6225229242,19.7603779652,Slovakia
Slk_10,Slk,48.6136483892,18.5115472967,Slovakia
Slk_11,Slk,48.6378042719,17.1070563979,Slovakia
Slk_12,Slk,48.3803284572,18.2137213782,Slovakia
Slk_13,Slk,49.218282839,20.8546078565,Slovakia
Slk_14,Slk,48.3563412053,18.4639627767,Slovakia
Slk_15,Slk,48.3786064568,17.4963136655,Slovakia
Slk_16,Slk,48.3144618388,16.9334853013,Slovakia
Slk_17,Slk,48.1115270884,17.088988023,Slovakia
Slk_18,Slk,48.0255400547,17.5743649477,Slovakia
Slk_19,Slk,49.2898020618,19.0958091906,Slovakia
Slk_20,Slk,49.164837915,20.206211444,Slovakia
Slk_21,Slk,49.1574929589,19.6193442368,Slovakia
Slk_22,Slk,49.0839015025,21.5544764485,Slovakia
Slk_23,Slk,49.2048292832,18.6073584067,Slovakia
Slk_24,Slk,49.1231531114,19.1726714905,Slovakia
Slk_25,Slk,49.1020176804,18.7504013626,Slovakia
Rom_1,Rom,45.788686416,28.7105816986,Romania
Rom_2,Rom,46.2730290563,23.7923417627,Romania
Rom_3,Rom,46.1814211866,22.2971392735,Romania
Rom_4,Rom,45.5946004383,24.8672941722,Romania
Rom_5,Rom,47.0535689968,26.7828867036,Romania
Rom_6,Rom,47.3719984594,23.8228929883,Romania
Rom_7,Rom,45.3678323353,28.099926971,Romania
Rom_8,Rom,45.801585106,23.1219993825,Romania
Rom_9,Rom,46.7951421078,27.0802228394,Romania
Rom_10,Rom,45.3266819274,24.8535593242,Romania
Rom_11,Rom,45.1709881174,27.8397645036,Romania
Rom_12,Rom,46.1089728697,25.502538447,Romania
Rom_13,Rom,45.2508917712,25.7206639235,Romania
Rom_14,Rom,44.6076842463,26.3685581566,Romania
Rom_15,Rom,43.9402273166,22.9178611086,Romania
Rom_16,Rom,46.7612091733,24.1954336226,Romania
Rom_17,Rom,44.5671725758,28.0963329495,Romania
Rom_18,Rom,44.2073573512,22.9731600248,Romania
Rom_19,Rom,46.8499366562,24.1196054913,Romania
Rom_20,Rom,46.9123973621,23.7144227685,Romania
Rom_21,Rom,44.3827108334,28.8511925841,Romania
Rom_22,Rom,44.6760457643,24.0391919642,Romania
Rom_23,Rom,45.9606170071,25.5409109941,Romania
Rom_24,Rom,45.3815854691,25.2912835736,Romania
Rom_25,Rom,44.534744656,26.0950308162,Romania
Rom_26,Rom,44.5425851079,24.7844618672,Romania
Rom_27,Rom,47.2617567308,26.2274861879,Romania
Rom_28,Rom,46.7813397158,25.0292052723,Romania
Rom_29,Rom,45.4300255141,28.224484086,Romania
Rom_30,Rom,46.0014122653,27.1318774743,Romania
Rom_31,Rom,47.8664224365,23.4640039256,Romania
Rom_32,Rom,44.8215958672,26.3469415613,Romania
Rom_33,Rom,44.7452461382,27.8223241782,Romania
Rom_34,Rom,46.9716189564,24.1432302939,Romania
Rom_35,Rom,45.9590441047,23.8955530183,Romania
Rom_36,Rom,47.0751457634,25.7003311017,Romania
Rom_37,Rom,44.0008478048,25.8382759041,Romania
Rom_38,Rom,44.514628183,24.4231221925,Romania
Rom_39,Rom,46.7183613258,26.7722937421,Romania
Rom_40,Rom,45.9580753539,23.1890355907,Romania
Rom_41,Rom,47.7068336246,26.9466710682,Romania
Rom_42,Rom,45.4934000776,22.6460052677,Romania
Rom_43,Rom,45.2584648238,28.5519170085,Romania
Rom_44,Rom,44.5255299053,23.9628510029,Romania
Rom_45,Rom,45.2293540406,27.9097758336,Romania
Rom_46,Rom,46.6620764502,24.4407355588,Romania
Rom_47,Rom,45.8483872704,24.0809994358,Romania
Rom_48,Rom,46.8035304299,23.5460499887,Romania
Rom_49,Rom,44.4837371056,28.4478356436,Romania
Rom_50,Rom,46.1139692443,23.0701626478,Romania
Rom_51,Rom,44.4858566554,26.8002045792,Romania
Rom_52,Rom,47.1939483738,27.3432637688,Romania
Rom_53,Rom,46.4661867083,22.404145023,Romania
Rom_54,Rom,46.9835694,22.8328854605,Romania
Rom_55,Rom,45.5952201653,23.1615165731,Romania
Rom_56,Rom,44.2397039571,27.5927577015,Romania
Rom_57,Rom,45.9902327357,23.0079070162,Romania
Rom_58,Rom,45.3933533695,24.771246913,Romania
Rom_59,Rom,44.8151261804,22.7158275915,Romania
Rom_60,Rom,44.4109339799,26.4680852653,Romania
Rom_61,Rom,45.4755226113,24.5590141797,Romania
Rom_62,Rom,45.3944837171,22.2101674908,Romania
Rom_63,Rom,45.7568267856,22.9055320819,Romania
Rom_64,Rom,47.4015749831,26.5145663028,Romania
Rom_65,Rom,47.3398119934,23.307456155,Romania
Rom_66,Rom,45.1739265305,23.2899521483,Romania
Rom_67,Rom,45.9016392203,21.8285312636,Romania
Rom_68,Rom,47.0960825075,23.4009928347,Romania
Rom_69,Rom,45.0692980721,23.5978555289,Romania
Rom_70,Rom,46.0586391538,24.240538625,Romania
Rom_71,Rom,44.7003850792,24.5644344782,Romania
Rom_72,Rom,45.5036787891,27.8783125454,Romania
Rom_73,Rom,45.4638625382,26.5576200238,Romania
Rom_74,Rom,45.3922763661,24.4966928451,Romania
Rom_75,Rom,47.7746758624,26.0633230274,Romania
Rom_76,Rom,46.0217418059,23.7892438172,Romania
Rom_77,Rom,44.7816297335,23.8355988772,Romania
Rom_78,Rom,45.2964635698,25.2902764865,Romania
Rom_79,Rom,45.3998271671,23.3631769218,Romania
Rom_80,Rom,45.3597104021,25.9715604068,Romania
Rom_81,Rom,47.1594783108,23.5759815081,Romania
Rom_82,Rom,45.7937557827,21.856679415,Romania
Rom_83,Rom,43.75761517,24.8044334821,Romania
Rom_84,Rom,44.61448815,22.8052642054,Romania
Rom_85,Rom,45.1697248276,28.967974972,Romania
Rom_86,Rom,44.8365405046,23.6322711661,Romania
Rom_87,Rom,46.7360790642,24.7359266017,Romania
Rom_88,Rom,45.2542945343,23.3414632642,Romania
Rom_89,Rom,47.3590357152,22.912868881,Romania
Rom_90,Rom,45.6599464101,24.787412739,Romania
Pol_1,Pol,54.8610461223,18.1030826531,Poland
Pol_2,Pol,54.0840573461,15.5016802695,Poland
Pol_3,Pol,53.2712754259,19.1066089958,Poland
Pol_4,Pol,52.8657004357,21.5691537925,Poland
Pol_5,Pol,53.943026022,14.4679372724,Poland
Pol_6,Pol,53.0020801489,19.2018427081,Poland
Pol_7,Pol,52.784253526,20.2113488616,Poland
Pol_8,Pol,52.9339764628,18.0900466375,Poland
Pol_9,Pol,52.7201632145,19.3132683254,Poland
Pol_10,Pol,52.4436998961,20.9744973558,Poland
Pol_11,Pol,53.4963579049,14.3154687414,Poland
Pol_12,Pol,53.7191881632,22.3326650698,Poland
Pol_13,Pol,52.2154579061,22.577608339,Poland
Pol_14,Pol,53.089448645,16.5667715576,Poland
Pol_15,Pol,52.524828812,20.0689004769,Poland
Pol_16,Pol,52.3386094155,21.3928754011,Poland
Pol_17,Pol,53.3253288285,14.5895880082,Poland
Pol_18,Pol,52.2148862626,20.9164522428,Poland
Pol_19,Pol,52.2174384764,20.195358512,Poland
Pol_20,Pol,52.0464891194,21.1382432719,Poland
Pol_21,Pol,52.9557284189,14.1129070287,Poland
Pol_22,Pol,52.2530177885,18.2334137129,Poland
Pol_23,Pol,54.6874647941,16.8654342856,Poland
Pol_24,Pol,52.4404398691,16.881441481,Poland
Pol_25,Pol,52.6676479726,15.0733028433,Poland
Pol_26,Pol,52.2806358939,16.9910342053,Poland
Pol_27,Pol,52.2470790733,16.606108968,Poland
Pol_28,Pol,51.5893735528,21.4439963326,Poland
Pol_29,Pol,51.3773132957,23.4209797831,Poland
Pol_30,Pol,51.450548079,21.8497652068,Poland
Pol_31,Pol,51.8145622362,18.6272384855,Poland
Pol_32,Pol,51.7499591388,18.9847822012,Poland
Pol_33,Pol,51.6888326951,19.3034057882,Poland
Pol_34,Pol,53.9826677936,20.6017768924,Poland
Pol_35,Pol,51.6554223731,18.945505838,Poland
Pol_36,Pol,51.3682305752,21.257520955,Poland
Pol_37,Pol,51.2615616439,22.4496150183,Poland
Pol_38,Pol,51.2366928464,22.2911396656,Poland
Pol_39,Pol,51.8747857648,16.6451944314,Poland
Pol_40,Pol,51.1546467573,22.9926027756,Poland
Pol_41,Pol,51.3458455243,19.5527485816,Poland
Pol_42,Pol,51.1240645194,21.3214140035,Poland
Pol_43,Pol,51.4661252461,17.3686264844,Poland
Pol_44,Pol,51.2835133677,18.7119484467,Poland
Pol_45,Pol,54.2890708335,18.6936220642,Poland
Pol_46,Pol,51.6343701492,15.9561734876,Poland
Pol_47,Pol,50.9273342224,23.5547958298,Poland
Pol_48,Pol,51.6544751737,15.4358966482,Poland
Pol_49,Pol,51.4780944928,16.2000913625,Poland
Pol_50,Pol,50.8542858352,20.479256373,Poland
Pol_51,Pol,50.7457191387,21.8648955942,Poland
Pol_52,Pol,51.0181522677,18.6698853957,Poland
Pol_53,Pol,51.1240610674,17.0973449904,Poland
Pol_54,Pol,50.7581647128,20.1354798386,Poland
Pol_55,Pol,51.1976129728,16.069081933,Poland
Pol_56,Pol,54.2663633357,18.4504479416,Poland
Pol_57,Pol,50.8459333675,18.8042222602,Poland
Pol_58,Pol,50.5894317046,21.3368638627,Poland
Pol_59,Pol,50.6222167682,20.5561227828,Poland
Pol_60,Pol,50.7802878679,18.5551097534,Poland
Pol_61,Pol,50.9461074601,16.7135560613,Poland
Pol_62,Pol,50.6987824567,18.5771722955,Poland
Pol_63,Pol,50.4657501626,21.0772054304,Poland
Pol_64,Pol,50.5623525071,19.2572057873,Poland
Pol_65,Pol,51.0334930491,14.9317064621,Poland
Pol_66,Pol,50.503199538,19.0515190937,Poland
Pol_67,Pol,53.6600431459,20.4951083392,Poland
Pol_68,Pol,50.2966641193,20.7143594913,Poland
Pol_69,Pol,50.7549437593,16.1390620321,Poland
Pol_70,Pol,50.3161056557,20.1319732168,Poland
Pol_71,Pol,50.422188642,18.862167717,Poland
Pol_72,Pol,50.19939494,21.8805848181,Poland
Pol_73,Pol,50.8280221685,15.3613255,Poland
Pol_74,Pol,50.510677755,17.8845027811,Poland
Pol_75,Pol,50.3720524218,19.1495489251,Poland
Pol_76,Pol,50.5789094751,16.7653371567,Poland
Pol_77,Pol,50.1309770377,21.5877672055,Poland
Pol_78,Pol,53.0036158546,23.2070870045,Poland
Pol_79,Pol,50.2638214403,19.5949917271,Poland
Pol_80,Pol,50.1949157236,19.8542951119,Poland
Pol_81,Pol,50.6100578027,15.9066404044,Poland
Pol_82,Pol,50.3105331785,18.4696560026,Poland
Pol_83,Pol,50.1123251068,20.7817502438,Poland
Pol_84,Pol,50.3315887905,18.1075723211,Poland
Pol_85,Pol,50.1721740886,19.3163886335,Poland
Pol_86,Pol,50.2302739885,18.5252890139,Poland
Pol_87,Pol,50.1409888459,18.6417069748,Poland
Pol_88,Pol,53.9440391343,16.678110103,Poland
Pol_89,Pol,49.8951584282,21.6547171088,Poland
Pol_90,Pol,50.0060883226,19.5958311536,Poland
Pol_91,Pol,50.1040422206,18.2681202104,Poland
Pol_92,Pol,49.9783268701,19.2039009587,Poland
Pol_93,Pol,49.899639665,19.2921438278,Poland
Pol_94,Pol,49.9058401888,18.3529563111,Poland
Pol_95,Pol,50.0319674552,18.8855128138,Poland
Net_1,Net,53.6196581439,6.68244958438,Netherland
Net_2,Net,51.7559070848,4.15193860291,Netherland
Net_3,Net,51.7881026311,4.8078216413,Netherland
Net_4,Net,52.3231905554,6.58458551953,Netherland
Net_5,Net,51.3231509955,5.62526855726,Netherland
Net_6,Net,53.1192754926,6.88112913583,Netherland
Net_7,Net,53.3859726364,6.74609595419,Netherland
Net_8,Net,52.6063098874,5.98692686801,Netherland
Net_9,Net,52.3998584229,4.7451164236,Netherland
Net_10,Net,52.3141547468,5.03857733989,Netherland
Net_11,Net,52.1232223495,6.15990014837,Netherland
Net_12,Net,51.9970258253,4.26220485834,Netherland
Net_13,Net,51.9560892216,5.61334726177,Netherland
Net_14,Net,51.9367412801,4.66918336433,Netherland
Net_15,Net,51.7191065461,5.67469064662,Netherland
Net_16,Net,53.2815578651,6.97916923067,Netherland
Net_17,Net,51.5374659789,5.4882341116,Netherland
Net_18,Net,51.0926446257,5.73909323449,Netherland
Net_19,Net,53.225743731,6.44105799012,Netherland
Net_20,Net,53.1577873442,5.92313086716,Netherland
Net_21,Net,53.0170548286,6.4371349217,Netherland
Net_22,Net,52.9377768745,5.86192373838,Netherland
Net_23,Net,52.6372611134,5.68305189041,Netherland
Net_24,Net,52.6204338956,6.23135209946,Netherland
Net_25,Net,51.5500553574,4.3296919798,Netherland
Lux_1,Lux,49.9630882491,6.05059023502,Luxemburg
Lux_2,Lux,49.7930937784,6.09523384033,Luxemburg
Lux_3,Lux,49.6301147464,6.0098623624,Luxemburg
Hun_1,Hun,48.6460585018,22.65295472,Hungary
Hun_2,Hun,48.8411009714,21.5309549827,Hungary
Hun_3,Hun,47.7051530299,19.042285178,Hungary
Hun_4,Hun,47.6448834981,20.120700484,Hungary
Hun_5,Hun,47.6633957156,19.604963498,Hungary
Hun_6,Hun,47.7526418925,17.4167363028,Hungary
Hun_7,Hun,47.7101804677,18.0997497707,Hungary
Hun_8,Hun,47.6521578361,18.7883490717,Hungary
Hun_9,Hun,47.5196256536,18.5733502687,Hungary
Hun_10,Hun,46.9904433283,22.0348011423,Hungary
Hun_11,Hun,47.3465928369,17.8893965113,Hungary
Hun_12,Hun,47.2595062711,18.83325156,Hungary
Hun_13,Hun,48.757078061,20.3017638612,Hungary
Hun_14,Hun,46.8870655829,20.9918100618,Hungary
Hun_15,Hun,46.9153621802,18.7418444529,Hungary
Hun_16,Hun,46.9591096341,17.1137689325,Hungary
Hun_17,Hun,46.7118820603,20.6261809076,Hungary
Hun_18,Hun,46.5934371411,17.8756395212,Hungary
Hun_19,Hun,48.7023290009,20.9724436342,Hungary
Hun_20,Hun,48.6844187804,20.5619020774,Hungary
Hun_21,Hun,48.5313950556,20.7892962094,Hungary
Hun_22,Hun,48.3012398412,21.4244344894,Hungary
Hun_23,Hun,48.1719308359,19.7733073245,Hungary
Hun_24,Hun,48.0218520941,19.0042064181,Hungary
Hun_25,Hun,47.8741793012,19.0207775874,Hungary
Ger_1,Ger,54.8218227818,10.0934904868,Germany
Ger_2,Ger,49.4649594313,6.85148690984,Germany
Ger_3,Ger,48.106374984,12.4487064115,Germany
Ger_4,Ger,53.434777592,7.95855003614,Germany
Ger_5,Ger,53.1798635807,7.19168735235,Germany
Ger_6,Ger,48.08049613,7.68899224426,Germany
Ger_7,Ger,47.6619448355,8.13761633079,Germany
Ger_8,Ger,52.30921474,6.91136295804,Germany
Ger_9,Ger,47.573107654,7.86899590753,Germany
Ger_10,Ger,47.6476517209,10.3758472196,Germany
Ger_11,Ger,47.6006255199,10.8266584602,Germany
Ger_12,Ger,51.1235274313,6.47136782415,Germany
Ger_13,Ger,51.0441484588,6.11685373607,Germany
Ger_14,Ger,47.5857083635,8.23347922582,Germany
Ger_15,Ger,54.8745348971,9.15415433545,Germany
Ger_16,Ger,54.1422610962,9.32185258522,Germany
Ger_17,Ger,51.7603362973,6.47271372371,Germany
Ger_18,Ger,51.6597361192,7.65396554325,Germany
Ger_19,Ger,51.7120306252,6.83935572797,Germany
Ger_20,Ger,51.0295785988,12.4651144213,Germany
Ger_21,Ger,51.6647994594,7.06677509597,Germany
Ger_22,Ger,51.6003146615,7.02011048987,Germany
Ger_23,Ger,51.3555243502,9.31434783918,Germany
Ger_24,Ger,51.4232859048,8.67066967377,Germany
Ger_25,Ger,51.5457285742,7.22476671445,Germany
Ger_26,Ger,51.5856939893,6.70365069574,Germany
Ger_27,Ger,54.0129937287,10.3019786119,Germany
Ger_28,Ger,51.5301956737,6.97785072643,Germany
Ger_29,Ger,51.4571660379,7.51307339629,Germany
Ger_30,Ger,51.2331283685,9.29971626977,Germany
Ger_31,Ger,50.7581599545,12.5515890086,Germany
Ger_32,Ger,50.8656649395,11.5734364799,Germany
Ger_33,Ger,50.8048420946,11.8867417953,Germany
Ger_34,Ger,51.2427951005,8.18599711363,Germany
Ger_35,Ger,50.7050293724,12.3215928755,Germany
Ger_36,Ger,50.9554893373,10.1557601301,Germany
Ger_37,Ger,51.0735921381,9.03903432232,Germany
Ger_38,Ger,54.0969419521,8.99344025218,Germany
Ger_39,Ger,51.152404741,7.8127438334,Germany
Ger_40,Ger,50.5224722444,12.6516927603,Germany
Ger_41,Ger,50.4768799695,12.7610303707,Germany
Ger_42,Ger,51.1703243807,6.84877517054,Germany
Ger_43,Ger,50.8840034673,9.4055823993,Germany
Ger_44,Ger,50.5180601224,12.1283265981,Germany
Ger_45,Ger,51.1840953901,6.47807331754,Germany
Ger_46,Ger,51.0860840665,7.34684110339,Germany
Ger_47,Ger,50.5151879999,11.5165779154,Germany
Ger_48,Ger,53.5064133192,13.7211698357,Germany
Ger_49,Ger,50.8557185639,8.26559337965,Germany
Ger_50,Ger,50.9037464512,7.7431876363,Germany
Ger_51,Ger,50.8600142168,8.07744868477,Germany
Ger_52,Ger,50.518601547,10.7269231078,Germany
Ger_53,Ger,50.439285706,10.9427335228,Germany
Ger_54,Ger,50.9649927879,6.35110085453,Germany
Ger_55,Ger,50.8949488143,6.78334652212,Germany
Ger_56,Ger,50.7095387071,8.51165974852,Germany
Ger_57,Ger,50.5500597998,9.47071498126,Germany
Ger_58,Ger,53.9900212926,9.72423752513,Germany
Ger_59,Ger,50.1946260244,11.5989939753,Germany
Ger_60,Ger,50.7427170449,6.95108239756,Germany
Ger_61,Ger,50.1539330876,11.0015079486,Germany
Ger_62,Ger,50.4505021726,7.94991399021,Germany
Ger_63,Ger,50.4750392007,7.24094213643,Germany
Ger_64,Ger,50.4349666534,7.56414317073,Germany
Ger_65,Ger,50.4439176907,7.37062709884,Germany
Ger_66,Ger,50.5303576439,6.44919903713,Germany
Ger_67,Ger,50.2649482404,8.58545099807,Germany
Ger_68,Ger,50.1921037759,8.853939765,Germany
Ger_69,Ger,53.7047699448,11.1953899348,Germany
Ger_70,Ger,49.9297017979,10.859165216,Germany
Ger_71,Ger,49.9010239318,10.6191391898,Germany
Ger_72,Ger,50.1130586068,8.80469450941,Germany
Ger_73,Ger,50.1321636814,8.37670283555,Germany
Ger_74,Ger,49.9173933034,9.92319984814,Germany
Ger_75,Ger,50.0989835359,8.1247413713,Germany
Ger_76,Ger,49.591732407,11.9188331766,Germany
Ger_77,Ger,50.0240876754,8.38041519019,Germany
Ger_78,Ger,49.9528302614,8.64507106463,Germany
Ger_79,Ger,49.8755798656,9.03598316626,Germany
Ger_80,Ger,53.80891769,9.46257626021,Germany
Ger_81,Ger,50.0872028469,6.36707397179,Germany
Ger_82,Ger,49.5543649104,10.8890722619,Germany
Ger_83,Ger,50.0455804139,6.74787036018,Germany
Ger_84,Ger,49.6986923131,9.35109505004,Germany
Ger_85,Ger,49.853639565,7.59201576329,Germany
Ger_86,Ger,49.7223386532,8.38693089202,Germany
Ger_87,Ger,53.7268835858,10.0110727058,Germany
Ger_88,Ger,49.3484752099,11.1926613424,Germany
Ger_89,Ger,49.5853242774,9.22914307708,Germany
Ger_90,Ger,49.2477857228,11.9323753556,Germany
Ger_91,Ger,49.8564192712,6.57006393817,Germany
Ger_92,Ger,49.3667961552,10.6259604342,Germany
Ger_93,Ger,49.5126610467,8.81601069111,Germany
Ger_94,Ger,49.3674049617,9.04463345579,Germany
Ger_95,Ger,49.4028496492,8.31115960467,Germany
Ger_96,Ger,49.4637105844,7.57534663888,Germany
Ger_97,Ger,49.2235662798,9.43534756001,Germany
Ger_98,Ger,53.7196612169,9.23185463524,Germany
Ger_99,Ger,49.4835453712,7.1621818546,Germany
Ger_100,Ger,49.2165814764,9.21155003368,Germany
Ger_101,Ger,49.2973903075,8.49415009187,Germany
Ger_102,Ger,48.8829926514,11.9639207633,Germany
Ger_103,Ger,49.4946875009,6.5420569506,Germany
Ger_104,Ger,49.1338122533,8.95427823424,Germany
Ger_105,Ger,48.7641306105,11.7811787754,Germany
Ger_106,Ger,48.5760417236,12.9992093574,Germany
Ger_107,Ger,48.9892611309,9.25432395216,Germany
Ger_108,Ger,53.0824375527,13.9935139411,Germany
Ger_109,Ger,48.7481470565,11.3040049299,Germany
Ger_110,Ger,48.5470408109,12.2500773522,Germany
Ger_111,Ger,49.0230440131,8.06711923618,Germany
Ger_112,Ger,48.5244750063,12.138255999,Germany
Ger_113,Ger,48.710864461,10.0304917794,Germany
Ger_114,Ger,48.7758387323,9.37875092991,Germany
Ger_115,Ger,48.7776395561,9.05993528421,Germany
Ger_116,Ger,48.4394274067,11.7485331074,Germany
Ger_117,Ger,48.5315290222,10.7801418501,Germany
Ger_118,Ger,48.7550345387,8.49325594362,Germany
Ger_119,Ger,54.4606375151,12.8235031831,Germany
Ger_120,Ger,53.665089467,9.35873682353,Germany
Ger_121,Ger,48.7742924359,8.09304254372,Germany
Ger_122,Ger,48.5856338635,9.47882934776,Germany
Ger_123,Ger,48.4773653508,10.3744914562,Germany
Ger_124,Ger,48.5923901412,9.22365417922,Germany
Ger_125,Ger,48.3246488295,10.842598201,Germany
Ger_126,Ger,48.205953741,11.8170554842,Germany
Ger_127,Ger,48.2460928878,11.2481481853,Germany
Ger_128,Ger,48.4776708784,8.70049035121,Germany
Ger_129,Ger,48.1546135169,11.5882329699,Germany
Ger_130,Ger,53.5854536739,10.1972747134,Germany
Ger_131,Ger,48.2229098753,10.756057727,Germany
Ger_132,Ger,48.4898482124,7.8260718456,Germany
Ger_133,Ger,48.1116751926,10.0470996148,Germany
Ger_134,Ger,47.9725081404,11.1869591863,Germany
Ger_135,Ger,47.8400203198,11.9976648436,Germany
Ger_136,Ger,47.8588349077,10.1908589104,Germany
Ger_137,Ger,53.718115824,7.7966957668,Germany
Ger_138,Ger,47.5386833583,10.2910994529,Germany
Ger_139,Ger,50.2845863224,6.1220079217,Germany
Ger_140,Ger,53.6014620004,9.64485118439,Germany
Ger_141,Ger,48.3965553766,12.5765002615,Germany
Ger_142,Ger,53.6081361293,8.45043253853,Germany
Ger_143,Ger,53.1413057939,11.6597258346,Germany
Ger_144,Ger,53.486155547,8.21574782577,Germany
Ger_145,Ger,53.5025421544,7.06956232777,Germany
Ger_146,Ger,53.4445033292,7.32539753762,Germany
Ger_147,Ger,54.2224752648,13.1723750796,Germany
Ger_148,Ger,53.1236259616,10.1340887272,Germany
Ger_149,Ger,53.2566809595,8.37149295499,Germany
Ger_150,Ger,53.2577919108,8.11051528221,Germany
Ger_151,Ger,53.1773944173,9.01020282835,Germany
Ger_152,Ger,52.626173949,12.9363138822,Germany
Ger_153,Ger,52.5674070908,13.2179748212,Germany
Ger_154,Ger,53.1269045474,8.66436570139,Germany
Ger_155,Ger,53.1378944257,8.3609196866,Germany
Ger_156,Ger,52.5971703342,12.8029028234,Germany
Ger_157,Ger,52.6150559617,12.6557449699,Germany
Ger_158,Ger,54.5756523447,9.94134699413,Germany
Ger_159,Ger,52.4599036653,13.4366234219,Germany
Ger_160,Ger,53.0191703319,7.91622238543,Germany
Ger_161,Ger,52.947635373,8.74415340647,Germany
Ger_162,Ger,53.0178881557,7.07780767852,Germany
Ger_163,Ger,52.4243446278,12.230867975,Germany
Ger_164,Ger,52.0182569161,14.3917858678,Germany
Ger_165,Ger,52.1992147986,12.8823200627,Germany
Ger_166,Ger,52.821945984,7.10676349576,Germany
Ger_167,Ger,52.6570943137,8.97230904266,Germany
Ger_168,Ger,54.3743642698,11.7977432173,Germany
Ger_169,Ger,52.7127425912,8.16909821772,Germany
Ger_170,Ger,52.3903091183,10.5578736248,Germany
Ger_171,Ger,52.2364420745,11.4627276419,Germany
Ger_172,Ger,52.4205139389,9.75769328354,Germany
Ger_173,Ger,52.5023972642,8.66380290079,Germany
Ger_174,Ger,52.3214985037,10.1850315491,Germany
Ger_175,Ger,52.5912035318,7.1237713942,Germany
Ger_176,Ger,51.8029089128,13.6632493814,Germany
Ger_177,Ger,52.2016648406,10.828948259,Germany
Ger_178,Ger,52.4341695591,8.8783539372,Germany
Ger_179,Ger,54.5122444366,9.52590060266,Germany
Ger_180,Ger,52.3701019152,9.40025164147,Germany
Ger_181,Ger,52.4384873767,8.60737052883,Germany
Ger_182,Ger,51.6774830098,14.1573084691,Germany
Ger_183,Ger,52.4683968455,8.08386680205,Germany
Ger_184,Ger,52.2711012658,9.68347270481,Germany
Ger_185,Ger,52.4064315784,7.74233573574,Germany
Ger_186,Ger,52.2839412391,8.70489746671,Germany
Ger_187,Ger,51.4135466024,14.2055388257,Germany
Ger_188,Ger,52.0499000435,9.51448263321,Germany
Ger_189,Ger,54.2344494407,11.9857448546,Germany
Ger_190,Ger,51.7167969673,11.9179292511,Germany
Ger_191,Ger,52.114629435,8.53347143709,Germany
Ger_192,Ger,52.1202324193,8.40587676143,Germany
Ger_193,Ger,52.1569154759,7.9996542935,Germany
Ger_194,Ger,52.0223817305,9.16616873689,Germany
Ger_195,Ger,51.876283835,9.62784379845,Germany
Ger_196,Ger,52.0970963191,7.49296845827,Germany
Ger_197,Ger,51.2269984574,14.2565027007,Germany
Ger_198,Ger,52.0031119151,8.21298220682,Germany
Ger_199,Ger,51.5843034952,11.1978383125,Germany
Ger_200,Ger,53.9820870627,12.8755977764,Germany
Ger_201,Ger,51.0777823918,14.6562534513,Germany
Ger_202,Ger,51.8566024932,8.67083566333,Germany
Ger_203,Ger,51.1930292353,13.2130667255,Germany
Ger_204,Ger,51.0542332026,13.968806891,Germany
Ger_205,Ger,51.7547648987,8.52941762507,Germany
Ger_206,Ger,51.3637660269,11.5801062617,Germany
Ger_207,Ger,51.8092233365,7.96265324086,Germany
Ger_208,Ger,51.4680749767,10.7654328338,Germany
Ger_209,Ger,51.8318479115,7.64114870566,Germany
Ger_210,Ger,51.2306120851,12.4449726536,Germany
Ger_211,Ger,53.9045937193,11.936174127,Germany
Ger_212,Ger,51.6429396983,9.15821661577,Germany
Ger_213,Ger,51.7594626435,7.86450108192,Germany
Ger_214,Ger,51.2000226405,12.143291052,Germany
Ger_215,Ger,51.8403761259,6.17676920763,Germany
Ger_216,Ger,50.9910113072,13.4388799769,Germany
Ger_217,Ger,51.7904175361,6.90649627909,Germany
Ger_218,Ger,51.5098090567,9.5871526949,Germany
Ger_219,Ger,51.6128252228,8.42408191151,Germany
Ger_220,Ger,50.9237689708,13.6010837406,Germany
Ger_221,Ger,51.118364214,12.0564157803,Germany
Ger_222,Ger,47.5581690358,9.64458943971,Germany
Ger_223,Ger,48.4126323432,10.1250917972,Germany
Ger_224,Ger,48.3281163393,9.56161066209,Germany
Ger_225,Ger,48.1884782014,8.82944967745,Germany
Ger_226,Ger,48.049101631,8.59566661005,Germany
Ger_227,Ger,47.9601819843,9.3872859388,Germany
Ger_228,Ger,48.0304750409,8.37146097052,Germany
Ger_229,Ger,47.7292654834,8.79863610188,Germany
Fra_1,Fra,47.8801435628,7.45306864641,France
Fra_2,Fra,42.5185937049,2.61091685781,France
Fra_3,Fra,46.1750331086,6.00299491481,France
Fra_4,Fra,44.0703472531,-0.828463951846,France
Fra_5,Fra,46.0511530558,6.37654671835,France
Fra_6,Fra,47.3817110821,6.62021258587,France
Fra_7,Fra,43.6067930104,-1.34676311219,France
Fra_8,Fra,49.5478796788,5.76434667621,France
Fra_9,Fra,42.769139611,-0.25682052362,France
Fra_10,Fra,47.6290316986,7.35445892596,France
Fra_11,Fra,49.2751148171,6.19268932806,France
Fra_12,Fra,51.0012540562,2.75800858301,France
Fra_13,Fra,50.3849424117,3.94877735708,France
Fra_14,Fra,48.1289788907,7.48955634881,France
Fra_15,Fra,48.2224483046,6.36605271982,France
Fra_16,Fra,48.4358387803,3.97719344586,France
Fra_17,Fra,48.5483068513,0.437145880591,France
Fra_18,Fra,48.2274997065,5.92083912581,France
Fra_19,Fra,48.4766682091,2.87970384706,France
Fra_20,Fra,48.5319446861,0.736672993367,France
Fra_21,Fra,48.049290435,7.23488466836,France
Fra_22,Fra,48.0831710971,6.63692857673,France
Fra_23,Fra,48.411506932,1.81251788898,France
Fra_24,Fra,50.3156832085,2.80557399619,France
Fra_25,Fra,48.1959862845,4.90528675014,France
Fra_26,Fra,48.2920595476,3.50512566807,France
Fra_27,Fra,48.2674160899,-1.1943571356,France
Fra_28,Fra,48.2696370022,2.63667644305,France
Fra_29,Fra,47.8832631025,-3.69545265592,France
Fra_30,Fra,48.3233973646,0.776167722978,France
Fra_31,Fra,48.2855571683,-0.452719772623,France
Fra_32,Fra,48.2667103478,2.1731903198,France
Fra_33,Fra,48.0005447578,5.38369175855,France
Fra_34,Fra,48.204128427,2.93453298616,France
Fra_35,Fra,47.7959219139,7.12134147869,France
Fra_36,Fra,48.1942909563,1.02232045813,France
Fra_37,Fra,48.0584838387,-1.9448084728,France
Fra_38,Fra,47.9571491955,4.5575816734,France
Fra_39,Fra,48.0222102948,3.80448292591,France
Fra_40,Fra,47.8135961496,-3.47167456554,France
Fra_41,Fra,47.9805922752,4.05934995603,France
Fra_42,Fra,48.1415183494,0.585046643333,France
Fra_43,Fra,50.2494797377,4.78241040076,France
Fra_44,Fra,50.166740263,1.79300877657,France
Fra_45,Fra,47.8627508668,-2.90395509066,France
Fra_46,Fra,47.6997229394,6.18179570146,France
Fra_47,Fra,48.0171450937,2.12097600253,France
Fra_48,Fra,47.9495433432,2.7577444219,France
Fra_49,Fra,47.7849170409,4.13799900363,France
Fra_50,Fra,47.5144786347,6.77331346698,France
Fra_51,Fra,47.9128820352,-1.07677765053,France
Fra_52,Fra,47.8879331462,1.91610456057,France
Fra_53,Fra,47.7974692539,-2.26426476977,France
Fra_54,Fra,47.87441674,1.59318478492,France
Fra_55,Fra,50.1315551182,4.0504867301,France
Fra_56,Fra,47.8474178631,1.26007181709,France
Fra_57,Fra,47.6803577489,3.07811340611,France
Fra_58,Fra,47.6016573323,3.98105580347,France
Fra_59,Fra,47.779051217,0.992721087976,France
Fra_60,Fra,47.4456507957,5.10120267281,France
Fra_61,Fra,47.758909363,-0.161629252148,France
Fra_62,Fra,47.6522515763,-1.71757965954,France
Fra_63,Fra,47.2882252633,6.07151624975,France
Fra_64,Fra,47.3955414718,4.72174221319,France
Fra_65,Fra,50.1091797143,1.57452421775,France
Fra_66,Fra,47.3198873226,5.058562137,France
Fra_67,Fra,47.6091099377,1.06527880965,France
Fra_68,Fra,47.4227285906,3.74729352346,France
Fra_69,Fra,47.5553298759,-1.83664165916,France
Fra_70,Fra,47.5458351831,-1.49877788645,France
Fra_71,Fra,47.5324726785,0.497681758671,France
Fra_72,Fra,47.1486354969,5.54594981426,France
Fra_73,Fra,47.4696389512,0.168252242461,France
Fra_74,Fra,50.1326849515,2.43998708016,France
Fra_75,Fra,47.3949549515,-1.27846359675,France
Fra_76,Fra,47.3271311973,1.8981737195,France
Fra_77,Fra,47.3492163963,-0.902432943008,France
Fra_78,Fra,46.9052682044,6.34898251681,France
Fra_79,Fra,47.3339898935,-0.578074913396,France
Fra_80,Fra,47.1983190793,2.58038615302,France
Fra_81,Fra,47.0498665055,3.48807035853,France
Fra_82,Fra,46.9217321447,4.59758421104,France
Fra_83,Fra,46.7562050068,6.00049957545,France
Fra_84,Fra,46.7509433371,5.04747521171,France
Fra_85,Fra,47.0584434233,0.910128478967,France
Fra_86,Fra,46.6717366653,5.66345610877,France
Fra_87,Fra,47.0531686103,-0.972406338385,France
Fra_88,Fra,46.9326922452,2.00311176746,France
Fra_89,Fra,46.702217301,4.58845824392,France
Fra_90,Fra,46.9968172501,0.204649821343,France
Fra_91,Fra,46.5943709697,4.83097626552,France
Fra_92,Fra,46.6217102013,4.21601813609,France
Fra_93,Fra,46.87588166,-1.10636692217,France
Fra_94,Fra,46.6169956168,3.49493525651,France
Fra_95,Fra,49.9724927525,4.48671227501,France
Fra_96,Fra,49.9263037056,4.79805288554,France
Fra_97,Fra,46.8054365822,0.72207373362,France
Fra_98,Fra,46.3563040889,5.6901205563,France
Fra_99,Fra,46.2594763802,6.53946261016,France
Fra_100,Fra,46.5957430464,1.90100565494,France
Fra_101,Fra,46.5635683808,1.02112430827,France
Fra_102,Fra,46.4304265469,2.73449800504,France
Fra_103,Fra,46.2467982167,4.83201903713,France
Fra_104,Fra,46.4065729581,2.9626891788,France
Fra_105,Fra,46.1815060935,5.48452753352,France
Fra_106,Fra,49.9374037094,1.05318952404,France
Fra_107,Fra,46.5654770742,-0.12382965621,France
Fra_108,Fra,46.3119150251,3.3855065943,France
Fra_109,Fra,46.0136941208,6.61921632296,France
Fra_110,Fra,45.99622976,5.86045865112,France
Fra_111,Fra,46.4213448438,-0.233819693583,France
Fra_112,Fra,46.4104098151,-0.782164625413,France
Fra_113,Fra,45.8060092975,6.81181833552,France
Fra_114,Fra,45.9988343247,4.24787793611,France
Fra_115,Fra,50.9572621403,2.35641856102,France
Fra_116,Fra,49.9459800363,2.03789417081,France
Fra_117,Fra,46.0085211382,4.07609867378,France
Fra_118,Fra,46.1850640948,1.9028674835,France
Fra_119,Fra,45.8245745557,6.1492228018,France
Fra_120,Fra,46.1623804157,2.14567183862,France
Fra_121,Fra,45.9343064221,4.78904711104,France
Fra_122,Fra,46.1042270799,1.58982332367,France
Fra_123,Fra,45.783281185,5.37422447437,France
Fra_124,Fra,46.1954846745,-0.552999287053,France
Fra_125,Fra,45.9781740511,2.42708570552,France
Fra_126,Fra,46.0707862701,1.14246864441,France
Fra_127,Fra,49.8672803333,3.47762075339,France
Fra_128,Fra,45.7064919785,5.37602554849,France
Fra_129,Fra,45.5686341659,6.46972842081,France
Fra_130,Fra,45.505994605,6.86997315072,France
Fra_131,Fra,45.8022608285,3.08065353026,France
Fra_132,Fra,45.8315143369,2.07668370388,France
Fra_133,Fra,45.5688448742,5.05406657173,France
Fra_134,Fra,45.4886298812,5.66824702193,France
Fra_135,Fra,45.3710785778,6.98985988785,France
Fra_136,Fra,45.3733679528,6.64984455883,France
Fra_137,Fra,45.3574925009,6.5661886468,France
Fra_138,Fra,49.8467958733,1.34704292749,France
Fra_139,Fra,45.6135818509,3.31816633761,France
Fra_140,Fra,45.8225145519,0.37975405234,France
Fra_141,Fra,45.3536632244,6.11688181808,France
Fra_142,Fra,45.8226955949,-0.30505160161,France
Fra_143,Fra,45.2363896288,5.6150795979,France
Fra_144,Fra,45.2800166024,4.78968370282,France
Fra_145,Fra,45.4691731632,2.45377440819,France
Fra_146,Fra,45.1437518697,6.43349062586,France
Fra_147,Fra,45.2974742381,4.49239681802,France
Fra_148,Fra,49.8670459755,3.06704437661,France
Fra_149,Fra,45.1278590476,5.96978104396,France
Fra_150,Fra,45.208207871,4.9287606712,France
Fra_151,Fra,45.0296907652,6.82227444125,France
Fra_152,Fra,45.0069604904,6.11612756766,France
Fra_153,Fra,45.3035278893,2.29058347917,France
Fra_154,Fra,45.1282702716,4.25061081513,France
Fra_155,Fra,44.9949408219,5.74099915667,France
Fra_156,Fra,45.3086159127,1.59489559275,France
Fra_157,Fra,45.4028539408,-0.318743517359,France
Fra_158,Fra,45.1243136487,3.09349945843,France
Fra_159,Fra,49.6609928039,5.15855126335,France
Fra_160,Fra,45.3630110952,-0.563444401038,France
Fra_161,Fra,44.8457754635,6.115011933,France
Fra_162,Fra,45.3018962874,0.0108514095792,France
Fra_163,Fra,44.8246811598,5.66027257182,France
Fra_164,Fra,44.9677443957,3.73753050431,France
Fra_165,Fra,45.1663477239,0.953230810727,France
Fra_166,Fra,45.0295163381,2.28386577116,France
Fra_167,Fra,45.1836680492,-0.164857427135,France
Fra_168,Fra,44.9418364927,3.14519193823,France
Fra_169,Fra,44.7920581126,4.94208599053,France
Fra_170,Fra,44.7414141525,4.99054037259,France
Fra_171,Fra,44.6621291428,5.94823531207,France
Fra_172,Fra,44.9723312892,1.55574789029,France
Fra_173,Fra,44.961776962,0.860817107676,France
Fra_174,Fra,44.7639907758,3.34620185316,France
Fra_175,Fra,44.789050158,2.76710175533,France
Fra_176,Fra,44.5172238737,4.93176790886,France
Fra_177,Fra,44.5644826953,4.25530905495,France
Fra_178,Fra,44.3937716691,6.16277503651,France
Fra_179,Fra,44.4482216844,4.84331351826,France
Fra_180,Fra,49.6742523511,0.59555229136,France
Fra_181,Fra,44.596956141,2.61375103343,France
Fra_182,Fra,44.5240069071,2.29609933322,France
Fra_183,Fra,44.7234516096,-0.69603205446,France
Fra_184,Fra,44.6825486347,-0.410469871521,France
Fra_185,Fra,44.3163921223,4.27021985876,France
Fra_186,Fra,44.5335125362,0.982584645013,France
Fra_187,Fra,44.5686337539,0.359047219316,France
Fra_188,Fra,44.218313885,4.76608623996,France
Fra_189,Fra,44.3469770025,2.64033115831,France
Fra_190,Fra,44.0717173803,6.00288810927,France
Fra_191,Fra,49.6567814173,4.42702870347,France
Fra_192,Fra,43.9831219436,6.13286270464,France
Fra_193,Fra,43.8948907428,6.12546414541,France
Fra_194,Fra,44.0072875559,4.20758419227,France
Fra_195,Fra,44.2139022132,0.758842726162,France
Fra_196,Fra,43.8898042643,5.12007293344,France
Fra_197,Fra,43.8635216039,4.67207222109,France
Fra_198,Fra,43.7305382113,5.99716339318,France
Fra_199,Fra,43.9163969347,2.83362940943,France
Fra_200,Fra,43.8310381263,3.77225099277,France
Fra_201,Fra,44.0051200919,0.965316565153,France
Fra_202,Fra,49.5068548812,6.15507154597,France
Fra_203,Fra,43.5986115723,7.10042454436,France
Fra_204,Fra,43.9098331432,2.13579044515,France
Fra_205,Fra,43.6439614814,5.81346968973,France
Fra_206,Fra,43.6972883392,4.90358729926,France
Fra_207,Fra,43.671142171,4.34295048399,France
Fra_208,Fra,43.5542213144,6.21371642254,France
Fra_209,Fra,43.4936886486,5.87209816632,France
Fra_210,Fra,43.5092239482,5.44954537481,France
Fra_211,Fra,43.867155117,-0.390302544842,France
Fra_212,Fra,49.6953325038,1.1766119972,France
Fra_213,Fra,43.5560715394,4.06408223827,France
Fra_214,Fra,43.4553828449,5.15767393668,France
Fra_215,Fra,43.6859824552,1.33075444941,France
Fra_216,Fra,43.3480103497,6.42070168796,France
Fra_217,Fra,43.5007243269,3.69620003306,France
Fra_218,Fra,43.4996311432,3.42830180081,France
Fra_219,Fra,43.4553269991,2.89946858198,France
Fra_220,Fra,43.3152058645,4.94151393237,France
Fra_221,Fra,43.530719472,1.45899823021,France
Fra_222,Fra,43.2806158459,5.38058072919,France
Fra_223,Fra,50.9047809016,1.95443226843,France
Fra_224,Fra,49.6751286691,0.890808506211,France
Fra_225,Fra,43.4503454094,1.6505978851,France
Fra_226,Fra,43.4094692386,2.26627732549,France
Fra_227,Fra,43.4984361856,0.649181155695,France
Fra_228,Fra,43.1989977864,5.36087672273,France
Fra_229,Fra,43.1699628886,5.13119677404,France
Fra_230,Fra,43.1063281136,6.06215795144,France
Fra_231,Fra,43.3980092331,1.24731587184,France
Fra_232,Fra,43.2333787758,3.14506700579,France
Fra_233,Fra,43.2275420615,1.87976527868,France
Fra_234,Fra,49.7066300474,2.65606123527,France
Fra_235,Fra,42.9792374227,5.98267832541,France
Fra_236,Fra,43.3645794312,-0.589239121102,France
Fra_237,Fra,43.1269572308,2.58465535094,France
Fra_238,Fra,43.1099928655,2.30936308442,France
Fra_239,Fra,43.0617351957,2.89917668647,France
Fra_240,Fra,43.0985213617,0.01660238813,France
Fra_241,Fra,43.0058714863,1.50974421596,France
Fra_242,Fra,43.0545167954,0.488593263983,France
Fra_243,Fra,42.9085922015,-0.498804479117,France
Fra_244,Fra,42.7237426356,1.3808995323,France
Fra_245,Fra,49.6255995332,0.563556917734,France
Fra_246,Fra,42.4952104957,1.60260614603,France
Fra_247,Fra,49.6377812374,2.9895950014,France
Fra_248,Fra,49.3736957431,-1.11460954091,France
Fra_249,Fra,49.5760265252,2.84766015079,France
Fra_250,Fra,49.5417899419,3.43169073007,France
Fra_251,Fra,49.5372854862,1.52676188,France
Fra_252,Fra,49.3018260627,5.94170177913,France
Fra_253,Fra,50.7723755124,2.85290931056,France
Fra_254,Fra,49.4967026286,2.79942380555,France
Fra_255,Fra,49.2090978322,6.59991889237,France
Fra_256,Fra,49.4863283372,1.10732568577,France
Fra_257,Fra,49.4287844353,3.98981788957,France
Fra_258,Fra,49.4831732764,2.1248120662,France
Fra_259,Fra,49.4682848613,1.2162445914,France
Fra_260,Fra,49.3826556349,4.25207878574,France
Fra_261,Fra,49.1210026202,6.92669712535,France
Fra_262,Fra,49.4446692381,2.4275994663,France
Fra_263,Fra,50.7180066448,2.68957830797,France
Fra_264,Fra,49.3882083938,0.583985465433,France
Fra_265,Fra,49.1867452425,-0.761302410164,France
Fra_266,Fra,49.2272598864,3.871960268,France
Fra_267,Fra,49.2965980282,1.6274377866,France
Fra_268,Fra,49.2169896363,0.135063543912,France
Fra_269,Fra,49.1536799332,4.30152957481,France
Fra_270,Fra,49.2005522844,3.5213341259,France
Fra_271,Fra,49.2374640799,2.61022609121,France
Fra_272,Fra,48.7965684834,7.70054259828,France
Fra_273,Fra,49.2305248563,2.27455654922,France
Fra_274,Fra,49.2096938122,1.81550351903,France
Fra_275,Fra,49.2016954925,1.144907527,France
Fra_276,Fra,49.1939253746,1.31576166302,France
Fra_277,Fra,48.9046162472,6.04244321261,France
Fra_278,Fra,49.1178435235,3.30591007903,France
Fra_279,Fra,49.143943168,2.26434753916,France
Fra_280,Fra,48.7733789963,6.98222534694,France
Fra_281,Fra,49.1160617885,1.97899282186,France
Fra_282,Fra,48.9340072056,4.9547331328,France
Fra_283,Fra,48.9424782722,4.45374982405,France
Fra_284,Fra,50.649589026,3.19269935969,France
Fra_285,Fra,50.5634693196,1.95924255745,France
Fra_286,Fra,48.9805634914,3.25558060733,France
Fra_287,Fra,48.5933680979,7.41557870573,France
Fra_288,Fra,48.7126370181,6.20878661699,France
Fra_289,Fra,48.5139855452,-3.0085366376,France
Fra_290,Fra,48.9586007623,2.82494021055,France
Fra_291,Fra,48.8429929936,4.53643068744,France
Fra_292,Fra,48.9530077794,1.90745252111,France
Fra_293,Fra,48.9376948705,2.17885950196,France
Fra_294,Fra,48.9369568807,2.1811333297,France
Fra_295,Fra,48.9380846402,0.93292887495,France
Fra_296,Fra,50.4795382605,3.43668018941,France
Fra_297,Fra,48.881621926,-0.155677979339,France
Fra_298,Fra,48.8441698677,2.4204412059,France
Fra_299,Fra,48.8638983161,1.67401285945,France
Fra_300,Fra,48.546526724,6.04376302358,France
Fra_301,Fra,48.2876491948,-3.49448210966,France
Fra_302,Fra,48.6382473097,-1.68914080368,France
Fra_303,Fra,48.3992231042,6.82871178659,France
Fra_304,Fra,48.6644555813,3.92446288027,France
Fra_305,Fra,48.5481301533,-1.98560367046,France
Fra_306,Fra,48.6768500433,3.63567415038,France
Fra_307,Fra,50.4691071467,2.9922687856,France
Fra_308,Fra,48.677608376,-0.847749623669,France
Fra_309,Fra,48.0491582,-4.17296116969,France
Fra_310,Fra,48.1573115322,-3.77927160296,France
Fra_311,Fra,48.3695941902,6.24688088825,France
Fra_312,Fra,48.4023236596,-2.43147033756,France
Fra_313,Fra,48.1632026281,-3.49969992539,France
Fra_314,Fra,48.5077977876,4.17712363754,France
Fra_315,Fra,48.195635751,6.97037537335,France
Fra_316,Fra,48.5493335222,3.04032027515,France
Fra_317,Fra,48.6036941365,1.77221329434,France
Fra_318,Fra,51.1115810343,1.7927080554,France
Dnk_1,Dnk,54.9095460898,12.0379680762,Denmark
Dnk_2,Dnk,57.0510455941,9.92185808413,Denmark
Dnk_3,Dnk,56.5696294814,9.8728341528,Denmark
Dnk_4,Dnk,56.3906416013,9.52450526605,Denmark
Dnk_5,Dnk,56.3001636969,9.00769934232,Denmark
Dnk_6,Dnk,56.239905568,9.74145255063,Denmark
Dnk_7,Dnk,55.8629730683,9.50802105267,Denmark
Dnk_8,Dnk,55.7643781182,10.2723228399,Denmark
Dnk_9,Dnk,55.2445762789,9.19637285607,Denmark
Dnk_10,Dnk,57.2472037266,9.9707207159,Denmark
Dnk_11,Dnk,56.9782773301,10.3972517799,Denmark
Cze_1,Cze,50.4512617511,15.1142488026,Czech
Cze_2,Cze,49.9839634702,15.1978213946,Czech
Cze_3,Cze,50.2784194071,12.7813853132,Czech
Cze_4,Cze,49.6426422617,18.1063047296,Czech
Cze_5,Cze,49.7913721827,16.566572529,Czech
Cze_6,Cze,49.6014750886,18.3605559849,Czech
Cze_7,Cze,50.1852235986,13.0950719989,Czech
Cze_8,Cze,49.8800923932,15.4967938938,Czech
Cze_9,Cze,49.9518633904,14.6934725325,Czech
Cze_10,Cze,49.9727083065,14.3165692534,Czech
Cze_11,Cze,49.8759433906,14.2091342573,Czech
Cze_12,Cze,50.4517614171,14.2765688802,Czech
Cze_13,Cze,50.0524798543,12.6280799388,Czech
Cze_14,Cze,49.866649168,13.9433573535,Czech
Cze_15,Cze,49.4111769864,17.4205633195,Czech
Cze_16,Cze,49.4176717663,15.5862590862,Czech
Cze_17,Cze,49.3450684263,16.2567485915,Czech
Cze_18,Cze,49.6726468979,13.2328497295,Czech
Cze_19,Cze,49.2088684608,17.3424950505,Czech
Cze_20,Cze,49.4280089131,14.1043006219,Czech
Cze_21,Cze,49.43344666,13.8840202888,Czech
Cze_22,Cze,49.4855467298,13.1645915371,Czech
Cze_23,Cze,50.0425139982,16.8963791285,Czech
Cze_24,Cze,49.2932417365,14.5837118882,Czech
Cze_25,Cze,48.9923262357,16.6769807193,Czech
Cze_26,Cze,48.9393232969,15.9532882109,Czech
Cze_27,Cze,49.0975756044,14.1854443613,Czech
Cze_28,Cze,48.8667104562,14.2822519482,Czech
Cze_29,Cze,50.1927183184,15.5961383043,Czech
Cze_30,Cze,50.433387949,13.6435790573,Czech
Cze_31,Cze,49.8552733787,17.3610551815,Czech
Cze_32,Cze,49.7623193964,18.2355585296,Czech
Cze_33,Cze,50.3228701114,13.36256473,Czech
Cze_34,Cze,50.2114056043,13.7166951721,Czech
Cro_1,Cro,45.7398795497,19.1862224726,Croatia
Cro_2,Cro,44.9445957224,15.0761835828,Croatia
Cro_3,Cro,44.4639489339,15.6841169519,Croatia
Cro_4,Cro,43.9396577608,16.8540572361,Croatia
Cro_5,Cro,43.9370805095,16.5652160215,Croatia
Cro_6,Cro,43.9264070125,16.0655408997,Croatia
Cro_7,Cro,43.7296405469,16.7706843147,Croatia
Cro_8,Cro,46.254604582,16.4361579344,Croatia
Cro_9,Cro,45.8403266618,16.2506607949,Croatia
Cro_10,Cro,45.8272531727,15.8898626623,Croatia
Cro_11,Cro,45.562882711,19.4228784383,Croatia
Cro_12,Cro,45.6907426944,17.976163793,Croatia
Cro_13,Cro,45.5822183751,17.8169599539,Croatia
Cro_14,Cro,45.4179347024,14.8604471377,Croatia
Cro_15,Cro,45.1644838648,14.2765690494,Croatia
Cro_16,Cro,45.0652440137,15.3096425161,Croatia
Cro_17,Cro,45.6260216008,19.1452209828,Croatia
Cro_18,Cro,43.7342910768,17.9196797708,Croatia
Bel_1,Bel,50.6220775319,5.15109247815,Belgium
Bel_2,Bel,50.4085154119,4.95362329647,Belgium
Bel_3,Bel,49.7633636081,5.64343893236,Belgium
Bel_4,Bel,51.3378875887,5.30637693325,Belgium
Bel_5,Bel,50.4340844102,4.70822663183,Belgium
Bel_6,Bel,51.2379234507,5.59835990474,Belgium
Bel_7,Bel,51.4739401824,4.36997507543,Belgium
Bel_8,Bel,51.0027005602,4.23707311143,Belgium
Bel_9,Bel,50.8602233016,5.62114103254,Belgium
Bel_10,Bel,50.87070844,3.50583721932,Belgium
Bel_11,Bel,50.6965787967,4.28726682984,Belgium
Bel_12,Bel,50.5883440266,5.39979165522,Belgium
Bel_13,Bel,50.6185592275,4.79197223975,Belgium
Bel_14,Bel,50.5970072588,4.60607744236,Belgium
Bel_15,Bel,50.5110340389,5.7563796827,Belgium
Bel_16,Bel,51.2925100856,4.20491294308,Belgium
Bel_17,Bel,50.1853950667,5.56438500426,Belgium
Bel_18,Bel,51.2619710011,3.56719367827,Belgium
Bel_19,Bel,51.2538629049,4.5376524839,Belgium
Bel_20,Bel,51.2199500524,5.0456924816,Belgium
Bel_21,Bel,51.1958493117,3.7669782882,Belgium
Bel_22,Bel,51.0799265186,5.24336657132,Belgium
Bel_23,Bel,51.0603314953,4.44065957252,Belgium
Bel_24,Bel,51.0004746317,3.28361841701,Belgium
Aus_1,Aus,47.051381436,9.82465259666,Austria
Aus_2,Aus,48.1573597066,12.9874872748,Austria
Aus_3,Aus,47.1690042966,10.6720666573,Austria
Aus_4,Aus,48.3171408287,16.3767076661,Austria
Aus_5,Aus,47.9877674381,13.8622378835,Austria
Aus_6,Aus,47.7308360973,15.9920119337,Austria
Aus_7,Aus,47.8565674953,13.0406664839,Austria
Aus_8,Aus,47.7373970272,14.0998734009,Austria
Aus_9,Aus,47.5112627892,14.2244573187,Austria
Aus_10,Aus,47.3487663104,16.1428564983,Austria
Aus_11,Aus,47.3083898067,14.8616055478,Austria
Aus_12,Aus,47.1446656624,14.6687860175,Austria
Aus_13,Aus,47.2522301623,12.7589052619,Austria
Aus_14,Aus,47.3502308808,11.7289069332,Austria
Aus_15,Aus,48.3145459088,15.9674357614,Austria
Aus_16,Aus,47.2361699064,11.9139300541,Austria
Aus_17,Aus,47.2508869046,11.4640825768,Austria
Aus_18,Aus,46.8998880307,15.5447317116,Austria
Aus_19,Aus,47.0586673093,11.7770470477,Austria
Aus_20,Aus,47.1866270988,9.60859900455,Austria
Aus_21,Aus,46.8185352826,13.5547009885,Austria
Aus_22,Aus,46.7107979898,14.8196474401,Austria
Aus_23,Aus,46.9277412532,10.6833555563,Austria
Aus_24,Aus,48.2713438435,15.5819683176,Austria
Aus_25,Aus,46.7351663132,12.7336436163,Austria
Aus_26,Aus,46.5729214327,14.6371866615,Austria
Aus_27,Aus,46.5917633877,14.1142509807,Austria
Aus_28,Aus,46.8791434814,10.1080403882,Austria
Aus_29,Aus,46.4948528855,14.3442295367,Austria
Aus_30,Aus,48.4905941628,13.7653055226,Austria
Aus_31,Aus,47.9089756338,16.5646960278,Austria
Aus_32,Aus,48.1340936036,16.3408070784,Austria
Aus_33,Aus,48.1565320037,14.5780024575,Austria
Aus_34,Aus,48.2148141055,13.9296921386,Austria
Aus_35,Aus,48.0745147868,14.907013384,Austria
Aus_36,Aus,48.0414350786,14.3937957447,Austria